id,time,timestamp,strategy,asset,side,price,size,pnl,status,confidence,edge,latency,note
C5LEG-1779228325-ETH,00:05:25,1779228325.2801526,coin5min,ETH,NO_LEG,0.4835,2.12,0.0,LEG1_OPEN,,-0.02,0.0,LEG1 NO 0.4835 | wait YES <= 0.5050 | max 45s | budget=$2.12
C5LEG-1779228324-BTC,00:05:24,1779228324.9050186,coin5min,BTC,NO_LEG,0.4982,5.0,0.0,LEG1_OPEN,,-0.01,0.0,LEG1 NO 0.4982 | wait YES <= 0.4950 | max 45s | budget=$5.00
C5LEG-1779228278-SOL,00:05:25,1779228325.6536932,coin5min,SOL,NO_LEG,0.476,3.52,3.73,LEG1_WIN,,-0.02,0.0,leg1 expiry | NO only | ref=84.56 final=84.34 | fee=0.00 slip=0.15
C5LEG-1779228278-ETH,00:05:25,1779228325.2467687,coin5min,ETH,NO_LEG,0.462,1.15,1.19,LEG1_WIN,,-0.02,0.0,leg1 expiry | NO only | ref=2118.11 final=2113.09 | fee=0.00 slip=0.15
C5LEG-1779228277-BTC,00:05:24,1779228324.8609066,coin5min,BTC,NO_LEG,0.4491,5.0,1.13,WIN,,-0.01,0.0,expiry | ref=76987.96 final=76867.99 outcome=NO | fee=0.00 slip=0.00
C5LEG-1779228233-SOL,00:04:38,1779228278.5725396,coin5min,SOL,NO_LEG,0.508,5.0,4.69,LEG1_WIN,,-0.01,0.0,leg1 expiry | NO only | ref=84.62 final=84.34 | fee=0.00 slip=0.15
C5LEG-1779228232-ETH,00:04:38,1779228278.2622414,coin5min,ETH,NO_LEG,0.482,1.2,1.14,LEG1_WIN,,-0.03,0.0,leg1 expiry | NO only | ref=2119.18 final=2112.64 | fee=0.00 slip=0.15
C5LEG-1779228231-BTC,00:04:37,1779228277.9271863,coin5min,BTC,NO_LEG,0.4589,5.0,5.75,LEG1_WIN,,-0.01,0.0,leg1 expiry | NO only | ref=77032.40 final=76853.32 | fee=0.00 slip=0.15
C5LEG-1779227854-BTC,00:03:48,1779228228.0141003,coin5min,BTC,NO_LEG,0.5277,5.0,4.33,LEG1_WIN,,-0.01,0.0,leg1 expiry | NO only | ref=77026.48 final=77000.01 | fee=0.00 slip=0.15
C5LEG-1779227852-SOL,00:03:53,1779228233.2865322,coin5min,SOL,NO_LEG,0.508,5.0,4.69,LEG1_WIN,,-0.01,0.0,leg1 expiry | NO only | ref=84.60 final=84.28 | fee=0.00 slip=0.15
C5LEG-1779227842-ETH,00:03:52,1779228232.5980566,coin5min,ETH,NO_LEG,0.5178,5.0,4.51,LEG1_WIN,,-0.01,0.0,leg1 expiry | NO only | ref=2118.93 final=2111.36 | fee=0.00 slip=0.15
C5LEG-1779227806-BTC,23:57:34,1779227854.3900335,coin5min,BTC,NO_LEG,0.5277,5.0,4.33,LEG1_WIN,,-0.01,0.0,leg1 expiry | NO only | ref=77030.85 final=77005.71 | fee=0.00 slip=0.15
C5LEG-1779227804-SOL,23:57:32,1779227852.0182877,coin5min,SOL,NO_LEG,0.508,5.0,4.69,LEG1_WIN,,-0.01,0.0,leg1 expiry | NO only | ref=84.59 final=84.52 | fee=0.00 slip=0.15
C5LEG-1779227795-ETH,23:57:22,1779227842.7941146,coin5min,ETH,NO_LEG,0.5178,5.0,4.51,LEG1_WIN,,-0.01,0.0,leg1 expiry | NO only | ref=2119.18 final=2118.80 | fee=0.00 slip=0.15
C5LEG-1779227760-BTC,23:56:46,1779227806.7103195,coin5min,BTC,NO_LEG,0.5277,5.0,4.33,LEG1_WIN,,-0.01,0.0,leg1 expiry | NO only | ref=77040.83 final=77016.98 | fee=0.00 slip=0.15
C5LEG-1779227758-SOL,23:56:44,1779227804.3339317,coin5min,SOL,NO_LEG,0.508,5.0,4.69,LEG1_WIN,,-0.01,0.0,leg1 expiry | NO only | ref=84.59 final=84.56 | fee=0.00 slip=0.15
C5LEG-1779227749-ETH,23:56:35,1779227795.210478,coin5min,ETH,NO_LEG,0.5178,5.0,-5.15,LEG1_LOSS,,-0.01,0.0,leg1 expiry | NO only | ref=2118.91 final=2119.11 | fee=0.00 slip=0.15
C5LEG-1779227713-BTC,23:56:00,1779227760.7710056,coin5min,BTC,NO_LEG,0.5375,5.0,4.15,LEG1_WIN,,-0.01,0.0,leg1 expiry | NO only | ref=77038.58 final=77015.04 | fee=0.00 slip=0.15
C5LEG-1779227710-SOL,23:55:58,1779227758.349583,coin5min,SOL,NO_LEG,0.508,5.0,4.69,LEG1_WIN,,-0.01,0.0,leg1 expiry | NO only | ref=84.57 final=84.56 | fee=0.00 slip=0.15
C5LEG-1779227701-ETH,23:55:49,1779227749.1983235,coin5min,ETH,NO_LEG,0.516,3.83,-3.98,LEG1_LOSS,,-0.01,0.0,leg1 expiry | NO only | ref=2118.77 final=2119.09 | fee=0.00 slip=0.15
C5LEG-1779227665-SOL,23:55:10,1779227710.8489168,coin5min,SOL,NO_LEG,0.504,2.5,2.31,LEG1_WIN,,-0.01,0.0,leg1 expiry | NO only | ref=84.56 final=84.56 | fee=0.00 slip=0.15
C5LEG-1779227653-ETH,23:55:01,1779227701.314994,coin5min,ETH,YES_LEG,0.508,5.0,4.69,LEG1_WIN,,-0.01,0.0,leg1 expiry | YES only | ref=2118.48 final=2119.27 | fee=0.00 slip=0.15
C5LEG-1779227620-SOL,23:54:25,1779227665.601279,coin5min,SOL,YES_LEG,0.512,1.27,1.07,LEG1_WIN,,-0.01,0.0,leg1 expiry | YES only | ref=84.53 final=84.59 | fee=0.00 slip=0.15
C5LEG-1779227608-ETH,23:54:13,1779227653.5364933,coin5min,ETH,YES_LEG,0.508,5.0,4.69,LEG1_WIN,,-0.01,0.0,leg1 expiry | YES only | ref=2118.48 final=2119.72 | fee=0.00 slip=0.15
C5LEG-1779227572-SOL,23:53:40,1779227620.529135,coin5min,SOL,NO_LEG,0.504,2.5,-2.65,LEG1_LOSS,,-0.01,0.0,leg1 expiry | NO only | ref=84.53 final=84.59 | fee=0.00 slip=0.15
C5LEG-1779227560-ETH,23:53:28,1779227608.0027585,coin5min,ETH,YES_LEG,0.508,5.0,4.69,LEG1_WIN,,-0.01,0.0,leg1 expiry | YES only | ref=2118.48 final=2119.72 | fee=0.00 slip=0.15
C5LEG-1779227527-SOL,23:52:52,1779227572.9428515,coin5min,SOL,NO_LEG,0.504,2.5,-2.65,LEG1_LOSS,,-0.01,0.0,leg1 expiry | NO only | ref=84.55 final=84.55 | fee=0.00 slip=0.15
C5LEG-1779227523-BTC,23:52:49,1779227569.5025527,coin5min,BTC,YES_LEG,0.508,5.0,4.69,LEG1_WIN,,-0.01,0.0,leg1 expiry | YES only | ref=77008.86 final=77018.99 | fee=0.00 slip=0.15
C5LEG-1779227515-ETH,23:52:40,1779227560.8627133,coin5min,ETH,YES_LEG,0.5178,5.0,4.51,LEG1_WIN,,-0.02,0.0,leg1 expiry | YES only | ref=2118.47 final=2119.43 | fee=0.00 slip=0.15
C5LEG-1779227480-SOL,23:52:07,1779227527.4355237,coin5min,SOL,YES_LEG,0.512,1.27,1.07,LEG1_WIN,,-0.01,0.0,leg1 expiry | YES only | ref=84.55 final=84.56 | fee=0.00 slip=0.15
C5LEG-1779227476-BTC,23:52:03,1779227523.7705436,coin5min,BTC,YES_LEG,0.508,5.0,4.69,LEG1_WIN,,-0.01,0.0,leg1 expiry | YES only | ref=77016.77 final=77018.52 | fee=0.00 slip=0.15
C5LEG-1779227467-ETH,23:51:55,1779227515.2163317,coin5min,ETH,YES_LEG,0.5178,5.0,4.51,LEG1_WIN,,-0.01,0.0,leg1 expiry | YES only | ref=2118.47 final=2119.07 | fee=0.00 slip=0.15
C5LEG-1779227432-SOL,23:51:20,1779227480.3360167,coin5min,SOL,NO_LEG,0.496,3.67,3.58,LEG1_WIN,,-0.01,0.0,leg1 expiry | NO only | ref=84.59 final=84.56 | fee=0.00 slip=0.15
C5LEG-1779227428-BTC,23:51:16,1779227476.346662,coin5min,BTC,NO_LEG,0.5178,5.0,4.51,LEG1_WIN,,-0.01,0.0,leg1 expiry | NO only | ref=77023.46 final=77017.74 | fee=0.00 slip=0.15
C5LEG-1779227405-ETH,23:50:52,1779227452.6855981,coin5min,ETH,NO_LEG,0.508,5.0,-5.15,LEG1_LOSS,,-0.01,0.0,leg1 expiry | NO only | ref=2118.90 final=2118.98 | fee=0.00 slip=0.15
C5LEG-1779227385-SOL,23:50:32,1779227432.15162,coin5min,SOL,NO_LEG,0.496,3.67,3.58,LEG1_WIN,,-0.02,0.0,leg1 expiry | NO only | ref=84.59 final=84.52 | fee=0.00 slip=0.15
C5LEG-1779227381-BTC,23:50:28,1779227428.6659338,coin5min,BTC,NO_LEG,0.5375,5.0,4.15,LEG1_WIN,,-0.01,0.0,leg1 expiry | NO only | ref=77025.52 final=77001.96 | fee=0.00 slip=0.15
C5LEG-1779227354-ETH,23:49:59,1779227399.4127498,coin5min,ETH,YES_LEG,0.5178,5.0,-5.15,LEG1_LOSS,,-0.01,0.0,leg1 expiry | YES only | ref=2119.14 final=2118.73 | fee=0.00 slip=0.15
C5LEG-1779227339-SOL,23:49:45,1779227385.314244,coin5min,SOL,NO_LEG,0.5178,5.0,4.51,LEG1_WIN,,-0.01,0.0,leg1 expiry | NO only | ref=84.60 final=84.53 | fee=0.00 slip=0.15
C5LEG-1779227300-ETH,23:49:14,1779227354.2938478,coin5min,ETH,YES_LEG,0.5178,5.0,-5.15,LEG1_LOSS,,-0.01,0.0,leg1 expiry | YES only | ref=2119.88 final=2119.09 | fee=0.00 slip=0.15
C5LEG-1779227291-SOL,23:48:59,1779227339.4447026,coin5min,SOL,NO_LEG,0.5178,5.0,4.51,LEG1_WIN,,-0.01,0.0,leg1 expiry | NO only | ref=84.60 final=84.53 | fee=0.00 slip=0.15
C5LEG-1779227254-ETH,23:48:20,1779227300.2812831,coin5min,ETH,NO_LEG,0.508,5.0,4.69,LEG1_WIN,,-0.01,0.0,leg1 expiry | NO only | ref=2119.86 final=2119.80 | fee=0.00 slip=0.15
C5LEG-1779227245-SOL,23:48:11,1779227291.6801362,coin5min,SOL,NO_LEG,0.516,3.83,3.44,LEG1_WIN,,-0.01,0.0,leg1 expiry | NO only | ref=84.62 final=84.52 | fee=0.00 slip=0.15
C5LEG-1779227208-ETH,23:47:34,1779227254.2857187,coin5min,ETH,NO_LEG,0.502,1.25,1.09,LEG1_WIN,,-0.01,0.0,leg1 expiry | NO only | ref=2119.53 final=2118.84 | fee=0.00 slip=0.15
C5LEG-1779227200-SOL,23:47:25,1779227245.6958847,coin5min,SOL,NO_LEG,0.516,3.83,3.44,LEG1_WIN,,-0.01,0.0,leg1 expiry | NO only | ref=84.62 final=84.55 | fee=0.00 slip=0.15
C5LEG-1779227195-BTC,23:47:21,1779227241.9337587,coin5min,BTC,YES_LEG,0.508,5.0,-5.15,LEG1_LOSS,,-0.01,0.0,leg1 expiry | YES only | ref=77016.26 final=77011.21 | fee=0.00 slip=0.15
C5LEG-1779227152-SOL,23:46:40,1779227200.320431,coin5min,SOL,NO_LEG,0.516,3.83,3.44,LEG1_WIN,,-0.01,0.0,leg1 expiry | NO only | ref=84.57 final=84.55 | fee=0.00 slip=0.15
C5LEG-1779227151-ETH,23:46:39,1779227199.4196465,coin5min,ETH,YES_LEG,0.5178,5.0,4.51,LEG1_WIN,,-0.01,0.0,leg1 expiry | YES only | ref=2119.53 final=2119.56 | fee=0.00 slip=0.15
C5LEG-1779227148-BTC,23:46:35,1779227195.951516,coin5min,BTC,YES_LEG,0.508,5.0,4.69,LEG1_WIN,,-0.01,0.0,leg1 expiry | YES only | ref=77003.33 final=77032.79 | fee=0.00 slip=0.15
C5LEG-1779227104-SOL,23:45:52,1779227152.2006276,coin5min,SOL,NO_LEG,0.516,3.83,3.44,LEG1_WIN,,-0.02,0.0,leg1 expiry | NO only | ref=84.65 final=84.56 | fee=0.00 slip=0.15
C5LEG-1779227104-ETH,23:45:51,1779227151.906455,coin5min,ETH,NO_LEG,0.5178,5.0,4.51,LEG1_WIN,,-0.01,0.0,leg1 expiry | NO only | ref=2120.59 final=2119.78 | fee=0.00 slip=0.15
C5LEG-1779227100-BTC,23:45:48,1779227148.712084,coin5min,BTC,NO_LEG,0.5074,4.64,4.35,LEG1_WIN,,-0.01,0.0,leg1 expiry | NO only | ref=77033.71 final=77026.95 | fee=0.00 slip=0.15
C5LEG-1779227059-SOL,23:45:04,1779227104.704593,coin5min,SOL,YES_LEG,0.506,3.75,3.51,LEG1_WIN,,-0.02,0.0,leg1 expiry | YES only | ref=84.50 final=84.57 | fee=0.00 slip=0.15
C5LEG-1779227059-ETH,23:45:04,1779227104.3223145,coin5min,ETH,YES_LEG,0.5178,5.0,4.51,LEG1_WIN,,-0.01,0.0,leg1 expiry | YES only | ref=2118.32 final=2118.43 | fee=0.00 slip=0.15
C5LEG-1779227046-BTC,23:44:54,1779227094.7464607,coin5min,BTC,YES_LEG,0.5178,5.0,4.51,LEG1_WIN,,-0.01,0.0,leg1 expiry | YES only | ref=76987.27 final=77025.11 | fee=0.00 slip=0.15
C5LEG-1779227013-SOL,23:44:19,1779227059.413692,coin5min,SOL,YES_LEG,0.496,3.67,3.58,LEG1_WIN,,-0.01,0.0,leg1 expiry | YES only | ref=84.47 final=84.57 | fee=0.00 slip=0.15
C5LEG-1779227013-ETH,23:44:19,1779227059.0845807,coin5min,ETH,YES_LEG,0.5178,5.0,4.51,LEG1_WIN,,-0.01,0.0,leg1 expiry | YES only | ref=2118.27 final=2119.22 | fee=0.00 slip=0.15
C5LEG-1779227001-BTC,23:44:06,1779227046.5863664,coin5min,BTC,YES_LEG,0.5178,5.0,4.51,LEG1_WIN,,-0.01,0.0,leg1 expiry | YES only | ref=76987.27 final=77040.07 | fee=0.00 slip=0.15
C5LEG-1779226968-SOL,23:43:33,1779227013.9613276,coin5min,SOL,YES_LEG,0.492,1.23,1.11,LEG1_WIN,,-0.01,0.0,leg1 expiry | YES only | ref=84.47 final=84.59 | fee=0.00 slip=0.15
C5LEG-1779226968-ETH,23:43:33,1779227013.636461,coin5min,ETH,YES_LEG,0.5178,5.0,4.51,LEG1_WIN,,-0.01,0.0,leg1 expiry | YES only | ref=2117.81 final=2119.56 | fee=0.00 slip=0.15
C5LEG-1779226955-BTC,23:43:21,1779227001.205057,coin5min,BTC,YES_LEG,0.5178,5.0,4.51,LEG1_WIN,,-0.01,0.0,leg1 expiry | YES only | ref=76978.36 final=77029.46 | fee=0.00 slip=0.15
C5LEG-1779226923-SOL,23:42:48,1779226968.2721117,coin5min,SOL,YES_LEG,0.492,1.23,1.11,LEG1_WIN,,-0.01,0.0,leg1 expiry | YES only | ref=84.44 final=84.59 | fee=0.00 slip=0.15
C5LEG-1779226922-ETH,23:42:47,1779226967.9547539,coin5min,ETH,YES_LEG,0.5178,5.0,4.51,LEG1_WIN,,-0.01,0.0,leg1 expiry | YES only | ref=2117.03 final=2119.65 | fee=0.00 slip=0.15
C5LEG-1779226909-BTC,23:42:35,1779226955.5835884,coin5min,BTC,YES_LEG,0.5178,5.0,4.51,LEG1_WIN,,-0.01,0.0,leg1 expiry | YES only | ref=76976.71 final=77034.39 | fee=0.00 slip=0.15
C5LEG-1779226875-SOL,23:42:03,1779226923.0809078,coin5min,SOL,YES_LEG,0.492,1.23,1.11,LEG1_WIN,,-0.01,0.0,leg1 expiry | YES only | ref=84.43 final=84.62 | fee=0.00 slip=0.15
C5LEG-1779226874-ETH,23:42:02,1779226922.7504869,coin5min,ETH,YES_LEG,0.5178,5.0,4.51,LEG1_WIN,,-0.01,0.0,leg1 expiry | YES only | ref=2117.18 final=2119.84 | fee=0.00 slip=0.15
C5LEG-1779226864-BTC,23:41:49,1779226909.559775,coin5min,BTC,YES_LEG,0.5178,5.0,4.51,LEG1_WIN,,-0.01,0.0,leg1 expiry | YES only | ref=76973.76 final=77040.21 | fee=0.00 slip=0.15
C5LEG-1779226829-SOL,23:41:14,1779226874.978234,coin5min,SOL,YES_LEG,0.496,3.67,3.58,LEG1_WIN,,-0.01,0.0,leg1 expiry | YES only | ref=84.43 final=84.62 | fee=0.00 slip=0.15
C5LEG-1779226829-ETH,23:41:14,1779226874.5702288,coin5min,ETH,YES_LEG,0.5178,5.0,4.51,LEG1_WIN,,-0.01,0.0,leg1 expiry | YES only | ref=2117.32 final=2119.98 | fee=0.00 slip=0.15
C5LEG-1779226819-BTC,23:41:04,1779226864.1846433,coin5min,BTC,YES_LEG,0.5178,5.0,4.51,LEG1_WIN,,-0.01,0.0,leg1 expiry | YES only | ref=76976.01 final=77038.64 | fee=0.00 slip=0.15
C5LEG-1779226783-SOL,23:40:29,1779226829.8610442,coin5min,SOL,YES_LEG,0.496,3.67,1.58,WIN,,-0.02,0.0,expiry | ref=84.43 final=84.62 outcome=YES | fee=0.00 slip=0.00
C5LEG-1779226783-ETH,23:40:29,1779226829.5222688,coin5min,ETH,YES_LEG,0.508,5.0,4.69,LEG1_WIN,,-0.01,0.0,leg1 expiry | YES only | ref=2117.40 final=2120.07 | fee=0.00 slip=0.15
C5LEG-1779226773-BTC,23:40:19,1779226819.051651,coin5min,BTC,YES_LEG,0.5178,5.0,4.51,LEG1_WIN,,-0.01,0.0,leg1 expiry | YES only | ref=76981.17 final=77038.64 | fee=0.00 slip=0.15
C5LEG-1779226736-SOL,23:39:43,1779226783.7709415,coin5min,SOL,YES_LEG,0.492,1.23,1.11,LEG1_WIN,,-0.01,0.0,leg1 expiry | YES only | ref=84.44 final=84.59 | fee=0.00 slip=0.15
C5LEG-1779226736-ETH,23:39:43,1779226783.246279,coin5min,ETH,YES_LEG,0.4982,5.0,4.89,LEG1_WIN,,-0.01,0.0,leg1 expiry | YES only | ref=2117.68 final=2119.88 | fee=0.00 slip=0.15
C5LEG-1779226726-BTC,23:39:33,1779226773.4177108,coin5min,BTC,YES_LEG,0.5178,5.0,4.51,LEG1_WIN,,-0.01,0.0,leg1 expiry | YES only | ref=76990.55 final=77031.96 | fee=0.00 slip=0.15
C5LEG-1779226690-SOL,23:38:56,1779226736.339078,coin5min,SOL,YES_LEG,0.492,1.23,1.11,LEG1_WIN,,-0.01,0.0,leg1 expiry | YES only | ref=84.44 final=84.57 | fee=0.00 slip=0.15
C5LEG-1779226689-ETH,23:38:56,1779226736.0309367,coin5min,ETH,YES_LEG,0.4982,5.0,4.89,LEG1_WIN,,-0.01,0.0,leg1 expiry | YES only | ref=2117.70 final=2119.43 | fee=0.00 slip=0.15
C5LEG-1779226679-BTC,23:38:46,1779226726.5015268,coin5min,BTC,YES_LEG,0.5178,5.0,4.51,LEG1_WIN,,-0.01,0.0,leg1 expiry | YES only | ref=76996.49 final=77026.71 | fee=0.00 slip=0.15
C5LEG-1779226643-SOL,23:38:10,1779226690.1946,coin5min,SOL,YES_LEG,0.492,1.23,1.11,LEG1_WIN,,-0.01,0.0,leg1 expiry | YES only | ref=84.44 final=84.59 | fee=0.00 slip=0.15
C5LEG-1779226642-ETH,23:38:09,1779226689.421665,coin5min,ETH,YES_LEG,0.4982,5.0,4.89,LEG1_WIN,,-0.01,0.0,leg1 expiry | YES only | ref=2118.01 final=2119.55 | fee=0.00 slip=0.15
C5LEG-1779226627-BTC,23:37:53,1779226673.557164,coin5min,BTC,YES_LEG,0.5178,5.0,4.51,LEG1_WIN,,-0.01,0.0,leg1 expiry | YES only | ref=76996.49 final=77014.83 | fee=0.00 slip=0.15
C5LEG-1779226596-SOL,23:37:23,1779226643.2336032,coin5min,SOL,YES_LEG,0.496,3.67,3.58,LEG1_WIN,,-0.01,0.0,leg1 expiry | YES only | ref=84.40 final=84.57 | fee=0.00 slip=0.15
C5LEG-1779226596-ETH,23:37:22,1779226642.839418,coin5min,ETH,YES_LEG,0.4982,5.0,4.89,LEG1_WIN,,-0.01,0.0,leg1 expiry | YES only | ref=2117.86 final=2119.12 | fee=0.00 slip=0.15
C5LEG-1779226580-BTC,23:37:06,1779226626.9921234,coin5min,BTC,YES_LEG,0.5178,5.0,4.51,LEG1_WIN,,-0.01,0.0,leg1 expiry | YES only | ref=77002.67 final=77029.46 | fee=0.00 slip=0.15
C5LEG-1779226549-SOL,23:36:36,1779226596.8642893,coin5min,SOL,YES_LEG,0.496,3.67,3.58,LEG1_WIN,,-0.01,0.0,leg1 expiry | YES only | ref=84.41 final=84.62 | fee=0.00 slip=0.15
C5LEG-1779226549-ETH,23:36:36,1779226596.4663541,coin5min,ETH,YES_LEG,0.4982,5.0,4.89,LEG1_WIN,,-0.01,0.0,leg1 expiry | YES only | ref=2117.88 final=2120.09 | fee=0.00 slip=0.15
C5LEG-1779226534-BTC,23:36:20,1779226580.5885737,coin5min,BTC,YES_LEG,0.5178,5.0,4.51,LEG1_WIN,,-0.01,0.0,leg1 expiry | YES only | ref=77002.67 final=77029.46 | fee=0.00 slip=0.15
C5LEG-1779226504-SOL,23:35:49,1779226549.8659008,coin5min,SOL,YES_LEG,0.494,2.45,2.36,LEG1_WIN,,-0.01,0.0,leg1 expiry | YES only | ref=84.41 final=84.62 | fee=0.00 slip=0.15
C5LEG-1779226503-ETH,23:35:49,1779226549.4511528,coin5min,ETH,YES_LEG,0.508,5.0,4.69,LEG1_WIN,,-0.01,0.0,leg1 expiry | YES only | ref=2118.14 final=2120.09 | fee=0.00 slip=0.15
C5LEG-1779226478-BTC,23:35:24,1779226524.8683362,coin5min,BTC,YES_LEG,0.5178,5.0,4.51,LEG1_WIN,,-0.01,0.0,leg1 expiry | YES only | ref=77026.11 final=77028.05 | fee=0.00 slip=0.15
C5LEG-1779226457-SOL,23:35:04,1779226504.3172572,coin5min,SOL,YES_LEG,0.496,3.67,3.58,LEG1_WIN,,-0.01,0.0,leg1 expiry | YES only | ref=84.44 final=84.62 | fee=0.00 slip=0.15
C5LEG-1779226456-ETH,23:35:03,1779226503.808893,coin5min,ETH,YES_LEG,0.508,5.0,4.69,LEG1_WIN,,-0.01,0.0,leg1 expiry | YES only | ref=2118.77 final=2120.44 | fee=0.00 slip=0.15
C5LEG-1779226432-BTC,23:34:37,1779226477.9752612,coin5min,BTC,YES_LEG,0.508,5.0,4.69,LEG1_WIN,,-0.01,0.0,leg1 expiry | YES only | ref=77012.80 final=77028.05 | fee=0.00 slip=0.15
C5LEG-1779226411-SOL,23:34:17,1779226457.6247454,coin5min,SOL,YES_LEG,0.508,5.0,4.69,LEG1_WIN,,-0.01,0.0,leg1 expiry | YES only | ref=84.41 final=84.62 | fee=0.00 slip=0.15
C5LEG-1779226410-ETH,23:34:16,1779226456.8772862,coin5min,ETH,YES_LEG,0.508,5.0,4.69,LEG1_WIN,,-0.01,0.0,leg1 expiry | YES only | ref=2117.86 final=2120.16 | fee=0.00 slip=0.15
C5LEG-1779226386-BTC,23:33:52,1779226432.2020032,coin5min,BTC,YES_LEG,0.508,5.0,4.69,LEG1_WIN,,-0.01,0.0,leg1 expiry | YES only | ref=77022.23 final=77027.92 | fee=0.00 slip=0.15
C5LEG-1779226364-SOL,23:33:31,1779226411.113719,coin5min,SOL,YES_LEG,0.508,5.0,4.69,LEG1_WIN,,-0.01,0.0,leg1 expiry | YES only | ref=84.50 final=84.62 | fee=0.00 slip=0.15
C5LEG-1779226363-ETH,23:33:30,1779226410.7130275,coin5min,ETH,YES_LEG,0.508,5.0,4.69,LEG1_WIN,,-0.01,0.0,leg1 expiry | YES only | ref=2118.77 final=2119.86 | fee=0.00 slip=0.15
C5LEG-1779226338-BTC,23:33:06,1779226386.1342525,coin5min,BTC,YES_LEG,0.508,5.0,4.69,LEG1_WIN,,-0.01,0.0,leg1 expiry | YES only | ref=77022.23 final=77027.92 | fee=0.00 slip=0.15
C5LEG-1779226318-SOL,23:32:44,1779226364.332978,coin5min,SOL,YES_LEG,0.506,3.75,3.51,LEG1_WIN,,-0.02,0.0,leg1 expiry | YES only | ref=84.52 final=84.59 | fee=0.00 slip=0.15
C5LEG-1779226318-ETH,23:32:43,1779226363.8861845,coin5min,ETH,YES_LEG,0.508,5.0,4.69,LEG1_WIN,,-0.01,0.0,leg1 expiry | YES only | ref=2118.39 final=2119.60 | fee=0.00 slip=0.15
C5LEG-1779226290-BTC,23:32:18,1779226338.0832367,coin5min,BTC,NO_LEG,0.5178,5.0,4.51,LEG1_WIN,,-0.01,0.0,leg1 expiry | NO only | ref=77033.29 final=77021.35 | fee=0.00 slip=0.15
C5LEG-1779226272-SOL,23:31:58,1779226318.343265,coin5min,SOL,YES_LEG,0.508,5.0,4.69,LEG1_WIN,,-0.02,0.0,leg1 expiry | YES only | ref=84.55 final=84.59 | fee=0.00 slip=0.15
C5LEG-1779226271-ETH,23:31:57,1779226317.9993393,coin5min,ETH,YES_LEG,0.508,5.0,4.69,LEG1_WIN,,-0.01,0.0,leg1 expiry | YES only | ref=2118.69 final=2119.22 | fee=0.00 slip=0.15
C5LEG-1779226243-BTC,23:31:30,1779226290.1531608,coin5min,BTC,NO_LEG,0.5178,5.0,4.51,LEG1_WIN,,-0.01,0.0,leg1 expiry | NO only | ref=77031.64 final=77002.67 | fee=0.00 slip=0.15
C5LEG-1779226225-SOL,23:31:12,1779226272.3496652,coin5min,SOL,YES_LEG,0.506,3.75,3.51,LEG1_WIN,,-0.02,0.0,leg1 expiry | YES only | ref=84.53 final=84.56 | fee=0.00 slip=0.15
C5LEG-1779226225-ETH,23:31:11,1779226271.9705806,coin5min,ETH,YES_LEG,0.508,5.0,4.69,LEG1_WIN,,-0.01,0.0,leg1 expiry | YES only | ref=2118.28 final=2118.97 | fee=0.00 slip=0.15
C5LEG-1779226197-BTC,23:30:43,1779226243.7756748,coin5min,BTC,NO_LEG,0.482,1.2,-0.76,LOSS,,-0.01,0.0,expiry | ref=77030.11 final=76997.92 outcome=NO | fee=0.00 slip=0.00
C5LEG-1779226179-SOL,23:30:25,1779226225.3462958,coin5min,SOL,YES_LEG,0.492,1.23,-1.38,LEG1_LOSS,,-0.01,0.0,leg1 expiry | YES only | ref=84.57 final=84.56 | fee=0.00 slip=0.15
C5LEG-1779226179-ETH,23:30:25,1779226225.0469327,coin5min,ETH,YES_LEG,0.5056,3.5,3.27,LEG1_WIN,,-0.01,0.0,leg1 expiry | YES only | ref=2118.68 final=2118.97 | fee=0.00 slip=0.15
C5LEG-1779226151-BTC,23:29:56,1779226196.9962077,coin5min,BTC,NO_LEG,0.4982,5.0,4.89,LEG1_WIN,,-0.01,0.0,leg1 expiry | NO only | ref=77034.38 final=76997.92 | fee=0.00 slip=0.15
C5LEG-1779226133-SOL,23:29:39,1779226179.368374,coin5min,SOL,YES_LEG,0.492,1.23,-1.38,LEG1_LOSS,,-0.01,0.0,leg1 expiry | YES only | ref=84.56 final=84.53 | fee=0.00 slip=0.15
C5LEG-1779226105-BTC,23:29:11,1779226151.1780396,coin5min,BTC,NO_LEG,0.508,5.0,4.69,LEG1_WIN,,-0.01,0.0,leg1 expiry | NO only | ref=77037.33 final=76994.45 | fee=0.00 slip=0.15
C5LEG-1779226102-ETH,23:29:08,1779226148.2256136,coin5min,ETH,YES_LEG,0.5178,5.0,-5.15,LEG1_LOSS,,-0.02,0.0,leg1 expiry | YES only | ref=2118.68 final=2117.78 | fee=0.00 slip=0.15
C5LEG-1779226087-SOL,23:28:53,1779226133.421319,coin5min,SOL,YES_LEG,0.492,1.23,-1.38,LEG1_LOSS,,-0.01,0.0,leg1 expiry | YES only | ref=84.56 final=84.55 | fee=0.00 slip=0.15
C5LEG-1779226059-BTC,23:28:25,1779226105.1297102,coin5min,BTC,NO_LEG,0.508,5.0,4.69,LEG1_WIN,,-0.01,0.0,leg1 expiry | NO only | ref=77031.27 final=76994.45 | fee=0.00 slip=0.15
C5LEG-1779226056-ETH,23:28:22,1779226102.2702215,coin5min,ETH,YES_LEG,0.5178,5.0,4.51,LEG1_WIN,,-0.02,0.0,leg1 expiry | YES only | ref=2118.30 final=2118.36 | fee=0.00 slip=0.15
C5LEG-1779226041-SOL,23:28:07,1779226087.4579453,coin5min,SOL,YES_LEG,0.492,1.23,1.11,LEG1_WIN,,-0.01,0.0,leg1 expiry | YES only | ref=84.55 final=84.56 | fee=0.00 slip=0.15
C5LEG-1779226012-BTC,23:27:39,1779226059.4729605,coin5min,BTC,YES_LEG,0.5178,5.0,-5.15,LEG1_LOSS,,-0.01,0.0,leg1 expiry | YES only | ref=77030.11 final=76987.96 | fee=0.00 slip=0.15
C5LEG-1779226009-ETH,23:27:36,1779226056.5152514,coin5min,ETH,YES_LEG,0.4982,5.0,-5.15,LEG1_LOSS,,-0.01,0.0,leg1 expiry | YES only | ref=2118.26 final=2118.11 | fee=0.00 slip=0.15
C5LEG-1779225993-SOL,23:27:21,1779226041.0762262,coin5min,SOL,YES_LEG,0.496,3.67,3.58,LEG1_WIN,,-0.01,0.0,leg1 expiry | YES only | ref=84.55 final=84.56 | fee=0.00 slip=0.15
C5LEG-1779225964-BTC,23:26:52,1779226012.074195,coin5min,BTC,YES_LEG,0.5178,5.0,4.51,LEG1_WIN,,-0.01,0.0,leg1 expiry | YES only | ref=77030.74 final=77032.40 | fee=0.00 slip=0.15
C5LEG-1779225961-ETH,23:26:49,1779226009.2830536,coin5min,ETH,YES_LEG,0.4982,5.0,4.89,LEG1_WIN,,-0.01,0.0,leg1 expiry | YES only | ref=2118.28 final=2119.18 | fee=0.00 slip=0.15
C5LEG-1779225945-SOL,23:26:33,1779225993.5774534,coin5min,SOL,YES_LEG,0.496,3.67,3.58,LEG1_WIN,,-0.01,0.0,leg1 expiry | YES only | ref=84.53 final=84.60 | fee=0.00 slip=0.15
C5LEG-1779225916-BTC,23:26:04,1779225964.388694,coin5min,BTC,YES_LEG,0.508,5.0,4.69,LEG1_WIN,,-0.01,0.0,leg1 expiry | YES only | ref=77020.02 final=77027.92 | fee=0.00 slip=0.15
C5LEG-1779225914-ETH,23:26:01,1779225961.3800805,coin5min,ETH,YES_LEG,0.508,5.0,4.69,LEG1_WIN,,-0.01,0.0,leg1 expiry | YES only | ref=2118.28 final=2118.93 | fee=0.00 slip=0.15
C5LEG-1779225898-SOL,23:25:45,1779225945.9175255,coin5min,SOL,YES_LEG,0.492,1.23,1.11,LEG1_WIN,,-0.01,0.0,leg1 expiry | YES only | ref=84.53 final=84.59 | fee=0.00 slip=0.15
C5LEG-1779225869-BTC,23:25:16,1779225916.7341475,coin5min,BTC,YES_LEG,0.508,5.0,4.69,LEG1_WIN,,-0.01,0.0,leg1 expiry | YES only | ref=77009.83 final=77030.85 | fee=0.00 slip=0.15
C5LEG-1779225867-ETH,23:25:13,1779225913.9679108,coin5min,ETH,YES_LEG,0.4982,5.0,0.04,WIN,,-0.01,0.0,expiry | ref=2118.03 final=2119.52 outcome=YES | fee=0.00 slip=0.00
C5LEG-1779225851-SOL,23:24:58,1779225898.5459285,coin5min,SOL,YES_LEG,0.496,3.67,3.58,LEG1_WIN,,-0.01,0.0,leg1 expiry | YES only | ref=84.50 final=84.62 | fee=0.00 slip=0.15
C5LEG-1779225823-BTC,23:24:29,1779225869.9305594,coin5min,BTC,YES_LEG,0.508,5.0,4.69,LEG1_WIN,,-0.01,0.0,leg1 expiry | YES only | ref=76998.74 final=77040.83 | fee=0.00 slip=0.15
C5LEG-1779225820-ETH,23:24:27,1779225867.1632998,coin5min,ETH,YES_LEG,0.4982,5.0,4.89,LEG1_WIN,,-0.01,0.0,leg1 expiry | YES only | ref=2117.76 final=2118.91 | fee=0.00 slip=0.15
C5LEG-1779225805-SOL,23:24:11,1779225851.7727308,coin5min,SOL,YES_LEG,0.496,3.67,3.58,LEG1_WIN,,-0.01,0.0,leg1 expiry | YES only | ref=84.50 final=84.59 | fee=0.00 slip=0.15
C5LEG-1779225777-BTC,23:23:43,1779225823.592603,coin5min,BTC,YES_LEG,0.508,5.0,4.69,LEG1_WIN,,-0.01,0.0,leg1 expiry | YES only | ref=76994.40 final=77035.15 | fee=0.00 slip=0.15
C5LEG-1779225774-ETH,23:23:40,1779225820.5731378,coin5min,ETH,YES_LEG,0.508,5.0,4.69,LEG1_WIN,,-0.02,0.0,leg1 expiry | YES only | ref=2117.76 final=2118.57 | fee=0.00 slip=0.15
C5LEG-1779225759-SOL,23:23:25,1779225805.720672,coin5min,SOL,YES_LEG,0.496,3.67,3.58,LEG1_WIN,,-0.01,0.0,leg1 expiry | YES only | ref=84.50 final=84.56 | fee=0.00 slip=0.15
C5LEG-1779225729-BTC,23:22:56,1779225776.9608362,coin5min,BTC,YES_LEG,0.508,5.0,4.69,LEG1_WIN,,-0.01,0.0,leg1 expiry | YES only | ref=76989.33 final=77031.42 | fee=0.00 slip=0.15
C5LEG-1779225726-ETH,23:22:54,1779225774.241712,coin5min,ETH,YES_LEG,0.508,5.0,4.69,LEG1_WIN,,-0.02,0.0,leg1 expiry | YES only | ref=2117.88 final=2118.48 | fee=0.00 slip=0.15
C5LEG-1779225711-SOL,23:22:39,1779225759.1369114,coin5min,SOL,YES_LEG,0.496,3.67,3.58,LEG1_WIN,,-0.01,0.0,leg1 expiry | YES only | ref=84.53 final=84.56 | fee=0.00 slip=0.15
C5LEG-1779225682-BTC,23:22:09,1779225729.7178876,coin5min,BTC,YES_LEG,0.508,5.0,4.69,LEG1_WIN,,-0.01,0.0,leg1 expiry | YES only | ref=76986.89 final=77026.89 | fee=0.00 slip=0.15
C5LEG-1779225679-ETH,23:22:06,1779225726.681679,coin5min,ETH,YES_LEG,0.508,5.0,4.69,LEG1_WIN,,-0.02,0.0,leg1 expiry | YES only | ref=2117.88 final=2118.48 | fee=0.00 slip=0.15
C5LEG-1779225663-SOL,23:21:51,1779225711.3210437,coin5min,SOL,YES_LEG,0.496,3.67,3.58,LEG1_WIN,,-0.01,0.0,leg1 expiry | YES only | ref=84.53 final=84.53 | fee=0.00 slip=0.15
C5LEG-1779225635-BTC,23:21:22,1779225682.140576,coin5min,BTC,YES_LEG,0.508,5.0,4.69,LEG1_WIN,,-0.01,0.0,leg1 expiry | YES only | ref=76979.23 final=77017.85 | fee=0.00 slip=0.15
C5LEG-1779225632-ETH,23:21:19,1779225679.2838695,coin5min,ETH,NO_LEG,0.5213,0.83,0.61,LEG1_WIN,,-0.02,0.0,leg1 expiry | NO only | ref=2118.69 final=2118.48 | fee=0.00 slip=0.15
C5LEG-1779225617-SOL,23:21:03,1779225663.3033571,coin5min,SOL,YES_LEG,0.496,3.67,3.58,LEG1_WIN,,-0.01,0.0,leg1 expiry | YES only | ref=84.56 final=84.56 | fee=0.00 slip=0.15
C5LEG-1779225574-BTC,23:20:19,1779225619.669356,coin5min,BTC,YES_LEG,0.508,5.0,4.69,LEG1_WIN,,-0.01,0.0,leg1 expiry | YES only | ref=76986.80 final=77008.86 | fee=0.00 slip=0.15
C5LEG-1779225571-SOL,23:20:17,1779225617.2199452,coin5min,SOL,YES_LEG,0.492,1.23,1.11,LEG1_WIN,,-0.01,0.0,leg1 expiry | YES only | ref=84.53 final=84.55 | fee=0.00 slip=0.15
C5LEG-1779225562-ETH,23:20:10,1779225610.4395177,coin5min,ETH,YES_LEG,0.508,5.0,4.69,LEG1_WIN,,-0.02,0.0,leg1 expiry | YES only | ref=2118.32 final=2118.47 | fee=0.00 slip=0.15
C5LEG-1779225527-BTC,23:19:34,1779225574.2072449,coin5min,BTC,YES_LEG,0.508,5.0,4.69,LEG1_WIN,,-0.01,0.0,leg1 expiry | YES only | ref=76983.76 final=77016.77 | fee=0.00 slip=0.15
C5LEG-1779225525-SOL,23:19:31,1779225571.7493742,coin5min,SOL,YES_LEG,0.492,1.23,1.11,LEG1_WIN,,-0.01,0.0,leg1 expiry | YES only | ref=84.52 final=84.53 | fee=0.00 slip=0.15
C5LEG-1779225514-ETH,23:19:22,1779225562.4130673,coin5min,ETH,YES_LEG,0.4982,5.0,4.89,LEG1_WIN,,-0.01,0.0,leg1 expiry | YES only | ref=2117.16 final=2118.73 | fee=0.00 slip=0.15
C5LEG-1779225479-BTC,23:18:47,1779225527.5422213,coin5min,BTC,YES_LEG,0.508,5.0,4.69,LEG1_WIN,,-0.01,0.0,leg1 expiry | YES only | ref=76954.33 final=77023.46 | fee=0.00 slip=0.15
C5LEG-1779225477-SOL,23:18:45,1779225525.123657,coin5min,SOL,YES_LEG,0.492,1.23,1.11,LEG1_WIN,,-0.01,0.0,leg1 expiry | YES only | ref=84.47 final=84.59 | fee=0.00 slip=0.15
C5LEG-1779225468-ETH,23:18:34,1779225514.5123672,coin5min,ETH,YES_LEG,0.4982,5.0,4.89,LEG1_WIN,,-0.01,0.0,leg1 expiry | YES only | ref=2116.64 final=2118.90 | fee=0.00 slip=0.15
C5LEG-1779225434-BTC,23:17:59,1779225479.9075007,coin5min,BTC,YES_LEG,0.508,5.0,4.69,LEG1_WIN,,-0.01,0.0,leg1 expiry | YES only | ref=76943.42 final=77025.52 | fee=0.00 slip=0.15
C5LEG-1779225431-SOL,23:17:57,1779225477.4016073,coin5min,SOL,YES_LEG,0.492,1.23,1.11,LEG1_WIN,,-0.01,0.0,leg1 expiry | YES only | ref=84.47 final=84.57 | fee=0.00 slip=0.15
C5LEG-1779225421-ETH,23:17:48,1779225468.0344803,coin5min,ETH,YES_LEG,0.4982,5.0,4.89,LEG1_WIN,,-0.01,0.0,leg1 expiry | YES only | ref=2116.22 final=2119.14 | fee=0.00 slip=0.15
C5LEG-1779225388-BTC,23:17:14,1779225434.1932573,coin5min,BTC,YES_LEG,0.508,5.0,4.69,LEG1_WIN,,-0.01,0.0,leg1 expiry | YES only | ref=76934.51 final=77030.99 | fee=0.00 slip=0.15
C5LEG-1779225385-SOL,23:17:11,1779225431.7858083,coin5min,SOL,YES_LEG,0.496,3.67,3.58,LEG1_WIN,,-0.01,0.0,leg1 expiry | YES only | ref=84.45 final=84.60 | fee=0.00 slip=0.15
C5LEG-1779225375-ETH,23:17:01,1779225421.7861345,coin5min,ETH,YES_LEG,0.4982,5.0,4.89,LEG1_WIN,,-0.01,0.0,leg1 expiry | YES only | ref=2116.34 final=2119.88 | fee=0.00 slip=0.15
C5LEG-1779225342-BTC,23:16:28,1779225388.0536242,coin5min,BTC,YES_LEG,0.508,5.0,4.69,LEG1_WIN,,-0.01,0.0,leg1 expiry | YES only | ref=76934.51 final=77036.55 | fee=0.00 slip=0.15
C5LEG-1779225339-SOL,23:16:25,1779225385.5911896,coin5min,SOL,YES_LEG,0.496,3.67,3.58,LEG1_WIN,,-0.01,0.0,leg1 expiry | YES only | ref=84.43 final=84.63 | fee=0.00 slip=0.15
C5LEG-1779225326-ETH,23:16:15,1779225375.0363998,coin5min,ETH,YES_LEG,0.508,5.0,4.69,LEG1_WIN,,-0.02,0.0,leg1 expiry | YES only | ref=2116.07 final=2120.01 | fee=0.00 slip=0.15
C5LEG-1779225295-BTC,23:15:42,1779225342.3829868,coin5min,BTC,YES_LEG,0.5178,5.0,-0.34,LOSS,,-0.01,0.0,expiry | ref=76934.51 final=77031.99 outcome=YES | fee=0.00 slip=0.00
C5LEG-1779225293-SOL,23:15:39,1779225339.907036,coin5min,SOL,YES_LEG,0.512,1.27,1.07,LEG1_WIN,,-0.01,0.0,leg1 expiry | YES only | ref=84.44 final=84.62 | fee=0.00 slip=0.15
C5LEG-1779225280-ETH,23:15:26,1779225326.7114904,coin5min,ETH,YES_LEG,0.508,5.0,4.69,LEG1_WIN,,-0.01,0.0,leg1 expiry | YES only | ref=2116.22 final=2119.53 | fee=0.00 slip=0.15
C5LEG-1779225249-BTC,23:14:55,1779225295.580134,coin5min,BTC,YES_LEG,0.508,5.0,4.69,LEG1_WIN,,-0.01,0.0,leg1 expiry | YES only | ref=76948.83 final=77008.42 | fee=0.00 slip=0.15
C5LEG-1779225247-SOL,23:14:53,1779225293.1237512,coin5min,SOL,YES_LEG,0.5178,5.0,4.51,LEG1_WIN,,-0.01,0.0,leg1 expiry | YES only | ref=84.44 final=84.59 | fee=0.00 slip=0.15
C5LEG-1779225234-ETH,23:14:40,1779225280.3201025,coin5min,ETH,YES_LEG,0.508,5.0,4.69,LEG1_WIN,,-0.01,0.0,leg1 expiry | YES only | ref=2116.64 final=2119.52 | fee=0.00 slip=0.15
C5LEG-1779225202-BTC,23:14:09,1779225249.535711,coin5min,BTC,YES_LEG,0.5277,5.0,4.33,LEG1_WIN,,-0.01,0.0,leg1 expiry | YES only | ref=76953.18 final=77003.33 | fee=0.00 slip=0.15
C5LEG-1779225200-SOL,23:14:07,1779225247.1408546,coin5min,SOL,YES_LEG,0.5178,5.0,4.51,LEG1_WIN,,-0.01,0.0,leg1 expiry | YES only | ref=84.44 final=84.57 | fee=0.00 slip=0.15
C5LEG-1779225186-ETH,23:13:54,1779225234.8049922,coin5min,ETH,YES_LEG,0.508,5.0,4.69,LEG1_WIN,,-0.01,0.0,leg1 expiry | YES only | ref=2117.23 final=2119.53 | fee=0.00 slip=0.15
C5LEG-1779225156-BTC,23:13:22,1779225202.70969,coin5min,BTC,YES_LEG,0.5178,5.0,4.51,LEG1_WIN,,-0.01,0.0,leg1 expiry | YES only | ref=76961.29 final=77032.57 | fee=0.00 slip=0.15
C5LEG-1779225154-SOL,23:13:20,1779225200.271669,coin5min,SOL,YES_LEG,0.516,3.83,3.44,LEG1_WIN,,-0.01,0.0,leg1 expiry | YES only | ref=84.44 final=84.62 | fee=0.00 slip=0.15
C5LEG-1779225140-ETH,23:13:06,1779225186.8654141,coin5min,ETH,YES_LEG,0.508,5.0,4.69,LEG1_WIN,,-0.01,0.0,leg1 expiry | YES only | ref=2117.45 final=2119.28 | fee=0.00 slip=0.15
C5LEG-1779225107-SOL,23:12:34,1779225154.281889,coin5min,SOL,YES_LEG,0.516,3.83,3.44,LEG1_WIN,,-0.01,0.0,leg1 expiry | YES only | ref=84.44 final=84.50 | fee=0.00 slip=0.15
C5LEG-1779225094-ETH,23:12:20,1779225140.142384,coin5min,ETH,YES_LEG,0.508,5.0,4.69,LEG1_WIN,,-0.01,0.0,leg1 expiry | YES only | ref=2117.45 final=2118.27 | fee=0.00 slip=0.15
C5LEG-1779225059-SOL,23:11:47,1779225107.1965091,coin5min,SOL,NO_LEG,0.506,3.75,3.51,LEG1_WIN,,-0.01,0.0,leg1 expiry | NO only | ref=84.52 final=84.48 | fee=0.00 slip=0.15
C5LEG-1779225048-ETH,23:11:34,1779225094.4647524,coin5min,ETH,NO_LEG,0.5178,5.0,-5.15,LEG1_LOSS,,-0.02,0.0,leg1 expiry | NO only | ref=2118.14 final=2118.27 | fee=0.00 slip=0.15
C5LEG-1779225035-BTC,23:11:21,1779225081.5267725,coin5min,BTC,NO_LEG,0.508,5.0,-5.15,LEG1_LOSS,,-0.01,0.0,leg1 expiry | NO only | ref=76981.04 final=76985.99 | fee=0.00 slip=0.15
C5LEG-1779225012-SOL,23:10:59,1779225059.3459191,coin5min,SOL,NO_LEG,0.506,3.75,3.51,LEG1_WIN,,-0.02,0.0,leg1 expiry | NO only | ref=84.50 final=84.47 | fee=0.00 slip=0.15
C5LEG-1779225001-ETH,23:10:48,1779225048.690986,coin5min,ETH,NO_LEG,0.508,5.0,-5.15,LEG1_LOSS,,-0.01,0.0,leg1 expiry | NO only | ref=2117.65 final=2117.72 | fee=0.00 slip=0.15
C5LEG-1779224965-SOL,23:10:12,1779225012.558688,coin5min,SOL,NO_LEG,0.506,3.75,3.51,LEG1_WIN,,-0.01,0.0,leg1 expiry | NO only | ref=84.47 final=84.44 | fee=0.00 slip=0.15
C5LEG-1779224956-ETH,23:10:01,1779225001.5611997,coin5min,ETH,NO_LEG,0.508,5.0,-5.15,LEG1_LOSS,,-0.01,0.0,leg1 expiry | NO only | ref=2117.07 final=2117.15 | fee=0.00 slip=0.15
C5LEG-1779224920-SOL,23:09:25,1779224965.8525748,coin5min,SOL,NO_LEG,0.506,3.75,3.51,LEG1_WIN,,-0.01,0.0,leg1 expiry | NO only | ref=84.45 final=84.43 | fee=0.00 slip=0.15
C5LEG-1779224887-ETH,23:08:53,1779224933.7939043,coin5min,ETH,NO_LEG,0.5178,5.0,-5.15,LEG1_LOSS,,-0.01,0.0,leg1 expiry | NO only | ref=2116.53 final=2117.32 | fee=0.00 slip=0.15
C5LEG-1779224875-SOL,23:08:40,1779224920.702462,coin5min,SOL,NO_LEG,0.506,3.75,3.51,LEG1_WIN,,-0.01,0.0,leg1 expiry | NO only | ref=84.45 final=84.43 | fee=0.00 slip=0.15
C5LEG-1779224850-BTC,23:08:17,1779224897.46331,coin5min,BTC,YES_LEG,0.508,5.0,4.69,LEG1_WIN,,-0.01,0.0,leg1 expiry | YES only | ref=76956.14 final=76973.76 | fee=0.00 slip=0.15
C5LEG-1779224830-SOL,23:07:55,1779224875.222195,coin5min,SOL,NO_LEG,0.506,3.75,3.51,LEG1_WIN,,-0.01,0.0,leg1 expiry | NO only | ref=84.44 final=84.43 | fee=0.00 slip=0.15
C5LEG-1779224804-BTC,23:07:30,1779224850.231136,coin5min,BTC,YES_LEG,0.508,5.0,4.69,LEG1_WIN,,-0.01,0.0,leg1 expiry | YES only | ref=76946.52 final=76981.17 | fee=0.00 slip=0.15
C5LEG-1779224798-ETH,23:07:24,1779224844.559586,coin5min,ETH,YES_LEG,0.4982,5.0,4.89,LEG1_WIN,,-0.01,0.0,leg1 expiry | YES only | ref=2116.07 final=2117.40 | fee=0.00 slip=0.15
C5LEG-1779224782-SOL,23:07:09,1779224829.9766405,coin5min,SOL,NO_LEG,0.506,3.75,-3.9,LEG1_LOSS,,-0.01,0.0,leg1 expiry | NO only | ref=84.43 final=84.44 | fee=0.00 slip=0.15
C5LEG-1779224758-BTC,23:06:44,1779224804.1028545,coin5min,BTC,YES_LEG,0.508,5.0,4.69,LEG1_WIN,,-0.01,0.0,leg1 expiry | YES only | ref=76929.96 final=76999.99 | fee=0.00 slip=0.15
C5LEG-1779224752-ETH,23:06:38,1779224798.164192,coin5min,ETH,YES_LEG,0.4982,5.0,4.89,LEG1_WIN,,-0.01,0.0,leg1 expiry | YES only | ref=2115.70 final=2117.81 | fee=0.00 slip=0.15
C5LEG-1779224734-SOL,23:06:22,1779224782.3842163,coin5min,SOL,NO_LEG,0.506,3.75,-3.9,LEG1_LOSS,,-0.01,0.0,leg1 expiry | NO only | ref=84.41 final=84.44 | fee=0.00 slip=0.15
C5LEG-1779224711-BTC,23:05:58,1779224758.003888,coin5min,BTC,YES_LEG,0.508,5.0,4.69,LEG1_WIN,,-0.01,0.0,leg1 expiry | YES only | ref=76929.96 final=76991.15 | fee=0.00 slip=0.15
C5LEG-1779224706-ETH,23:05:52,1779224752.3040705,coin5min,ETH,YES_LEG,0.4982,5.0,4.89,LEG1_WIN,,-0.01,0.0,leg1 expiry | YES only | ref=2115.38 final=2117.86 | fee=0.00 slip=0.15
C5LEG-1779224681-SOL,23:05:27,1779224727.575385,coin5min,SOL,NO_LEG,0.5177,4.91,-5.06,LEG1_LOSS,,-0.01,0.0,leg1 expiry | NO only | ref=84.38 final=84.44 | fee=0.00 slip=0.15
C5LEG-1779224665-BTC,23:05:11,1779224711.823517,coin5min,BTC,YES_LEG,0.4883,5.0,5.09,LEG1_WIN,,-0.01,0.0,leg1 expiry | YES only | ref=76929.96 final=76996.49 | fee=0.00 slip=0.15
C5LEG-1779224659-ETH,23:05:06,1779224706.0769198,coin5min,ETH,YES_LEG,0.4982,5.0,4.89,LEG1_WIN,,-0.01,0.0,leg1 expiry | YES only | ref=2115.38 final=2118.01 | fee=0.00 slip=0.15
C5LEG-1779224634-SOL,23:04:41,1779224681.0434713,coin5min,SOL,NO_LEG,0.5178,4.95,4.46,LEG1_WIN,,-0.01,0.0,leg1 expiry | NO only | ref=84.41 final=84.40 | fee=0.00 slip=0.15
C5LEG-1779224617-BTC,23:04:25,1779224665.2318075,coin5min,BTC,YES_LEG,0.508,5.0,4.69,LEG1_WIN,,-0.01,0.0,leg1 expiry | YES only | ref=76961.29 final=76996.49 | fee=0.00 slip=0.15
C5LEG-1779224614-ETH,23:04:19,1779224659.4689815,coin5min,ETH,YES_LEG,0.4982,5.0,4.89,LEG1_WIN,,-0.02,0.0,leg1 expiry | YES only | ref=2116.59 final=2117.86 | fee=0.00 slip=0.15
C5LEG-1779224586-SOL,23:03:54,1779224634.38185,coin5min,SOL,NO_LEG,0.5145,2.87,-3.02,LEG1_LOSS,,-0.01,0.0,leg1 expiry | NO only | ref=84.41 final=84.41 | fee=0.00 slip=0.15
C5LEG-1779224570-BTC,23:03:37,1779224617.3937216,coin5min,BTC,YES_LEG,0.508,5.0,4.69,LEG1_WIN,,-0.01,0.0,leg1 expiry | YES only | ref=76933.33 final=77002.67 | fee=0.00 slip=0.15
C5LEG-1779224567-ETH,23:03:34,1779224614.2126977,coin5min,ETH,YES_LEG,0.4874,4.43,4.51,LEG1_WIN,,-0.01,0.0,leg1 expiry | YES only | ref=2115.76 final=2117.88 | fee=0.00 slip=0.15
C5LEG-1779224539-SOL,23:03:06,1779224586.2240646,coin5min,SOL,YES_LEG,0.506,3.75,3.51,LEG1_WIN,,-0.01,0.0,leg1 expiry | YES only | ref=84.41 final=84.41 | fee=0.00 slip=0.15
C5LEG-1779224525-BTC,23:02:50,1779224570.3712761,coin5min,BTC,YES_LEG,0.508,5.0,4.69,LEG1_WIN,,-0.01,0.0,leg1 expiry | YES only | ref=76919.89 final=77026.11 | fee=0.00 slip=0.15
C5LEG-1779224521-ETH,23:02:47,1779224567.7235043,coin5min,ETH,YES_LEG,0.4874,4.43,4.51,LEG1_WIN,,-0.01,0.0,leg1 expiry | YES only | ref=2115.61 final=2118.68 | fee=0.00 slip=0.15
C5LEG-1779224493-SOL,23:02:19,1779224539.768227,coin5min,SOL,NO_LEG,0.5145,2.87,-3.02,LEG1_LOSS,,-0.01,0.0,leg1 expiry | NO only | ref=84.38 final=84.44 | fee=0.00 slip=0.15
C5LEG-1779224477-BTC,23:02:05,1779224525.0122683,coin5min,BTC,YES_LEG,0.508,5.0,4.69,LEG1_WIN,,-0.01,0.0,leg1 expiry | YES only | ref=76927.51 final=77017.36 | fee=0.00 slip=0.15
C5LEG-1779224475-ETH,23:02:01,1779224521.6536202,coin5min,ETH,YES_LEG,0.4874,4.43,4.51,LEG1_WIN,,-0.01,0.0,leg1 expiry | YES only | ref=2115.76 final=2118.32 | fee=0.00 slip=0.15
C5LEG-1779224431-BTC,23:01:17,1779224477.8281786,coin5min,BTC,YES_LEG,0.508,5.0,4.69,LEG1_WIN,,-0.01,0.0,leg1 expiry | YES only | ref=76927.51 final=76997.96 | fee=0.00 slip=0.15
C5LEG-1779224428-ETH,23:01:15,1779224475.0522728,coin5min,ETH,YES_LEG,0.4982,5.0,4.89,LEG1_WIN,,-0.02,0.0,leg1 expiry | YES only | ref=2115.99 final=2117.86 | fee=0.00 slip=0.15
C5LEG-1779224425-SOL,23:01:12,1779224472.1936207,coin5min,SOL,YES_LEG,0.496,3.67,3.58,LEG1_WIN,,-0.01,0.0,leg1 expiry | YES only | ref=84.40 final=84.41 | fee=0.00 slip=0.15
C5LEG-1779224385-BTC,23:00:31,1779224431.01743,coin5min,BTC,YES_LEG,0.4883,5.0,5.09,LEG1_WIN,,-0.01,0.0,leg1 expiry | YES only | ref=76927.51 final=77022.23 | fee=0.00 slip=0.15
C5LEG-1779224382-ETH,23:00:28,1779224428.2493284,coin5min,ETH,YES_LEG,0.4982,5.0,4.89,LEG1_WIN,,-0.03,0.0,leg1 expiry | YES only | ref=2115.99 final=2118.49 | fee=0.00 slip=0.15
C5LEG-1779224379-SOL,23:00:25,1779224425.5196383,coin5min,SOL,YES_LEG,0.496,3.67,3.58,LEG1_WIN,,-0.01,0.0,leg1 expiry | YES only | ref=84.43 final=84.52 | fee=0.00 slip=0.15
C5LEG-1779224338-BTC,22:59:45,1779224385.0497844,coin5min,BTC,YES_LEG,0.4982,5.0,4.89,LEG1_WIN,,-0.02,0.0,leg1 expiry | YES only | ref=76944.90 final=77022.23 | fee=0.00 slip=0.15
C5LEG-1779224335-ETH,22:59:42,1779224382.246206,coin5min,ETH,YES_LEG,0.4883,5.0,5.09,LEG1_WIN,,-0.01,0.0,leg1 expiry | YES only | ref=2116.30 final=2118.39 | fee=0.00 slip=0.15
C5LEG-1779224333-SOL,22:59:39,1779224379.3087478,coin5min,SOL,YES_LEG,0.4982,5.0,4.89,LEG1_WIN,,-0.01,0.0,leg1 expiry | YES only | ref=84.43 final=84.53 | fee=0.00 slip=0.15
C5LEG-1779224292-BTC,22:58:58,1779224338.5520053,coin5min,BTC,YES_LEG,0.4982,5.0,4.89,LEG1_WIN,,-0.01,0.0,leg1 expiry | YES only | ref=76934.33 final=77033.29 | fee=0.00 slip=0.15
C5LEG-1779224289-ETH,22:58:55,1779224335.7883582,coin5min,ETH,YES_LEG,0.4883,5.0,5.09,LEG1_WIN,,-0.01,0.0,leg1 expiry | YES only | ref=2115.36 final=2118.80 | fee=0.00 slip=0.15
C5LEG-1779224286-SOL,22:58:53,1779224333.0334344,coin5min,SOL,YES_LEG,0.496,3.67,3.58,LEG1_WIN,,-0.01,0.0,leg1 expiry | YES only | ref=84.40 final=84.55 | fee=0.00 slip=0.15
C5LEG-1779224245-BTC,22:58:12,1779224292.386095,coin5min,BTC,YES_LEG,0.4982,5.0,4.89,LEG1_WIN,,-0.01,0.0,leg1 expiry | YES only | ref=76930.99 final=77030.11 | fee=0.00 slip=0.15
C5LEG-1779224243-ETH,22:58:09,1779224289.5001366,coin5min,ETH,YES_LEG,0.4883,5.0,5.09,LEG1_WIN,,-0.01,0.0,leg1 expiry | YES only | ref=2115.20 final=2118.28 | fee=0.00 slip=0.15
C5LEG-1779224240-SOL,22:58:06,1779224286.234738,coin5min,SOL,YES_LEG,0.496,3.67,3.58,LEG1_WIN,,-0.01,0.0,leg1 expiry | YES only | ref=84.41 final=84.53 | fee=0.00 slip=0.15
C5LEG-1779224199-BTC,22:57:25,1779224245.6787689,coin5min,BTC,YES_LEG,0.4982,5.0,4.89,LEG1_WIN,,-0.01,0.0,leg1 expiry | YES only | ref=76929.90 final=77034.38 | fee=0.00 slip=0.15
C5LEG-1779224196-ETH,22:57:22,1779224242.9908636,coin5min,ETH,YES_LEG,0.4883,5.0,5.09,LEG1_WIN,,-0.01,0.0,leg1 expiry | YES only | ref=2115.06 final=2118.68 | fee=0.00 slip=0.15
C5LEG-1779224193-SOL,22:57:20,1779224240.2627969,coin5min,SOL,YES_LEG,0.496,3.67,3.58,LEG1_WIN,,-0.01,0.0,leg1 expiry | YES only | ref=84.44 final=84.57 | fee=0.00 slip=0.15
C5LEG-1779224152-BTC,22:56:39,1779224199.3971207,coin5min,BTC,YES_LEG,0.4982,5.0,4.89,LEG1_WIN,,-0.01,0.0,leg1 expiry | YES only | ref=76922.26 final=77037.33 | fee=0.00 slip=0.15
C5LEG-1779224150-ETH,22:56:36,1779224196.2835553,coin5min,ETH,YES_LEG,0.4883,5.0,5.09,LEG1_WIN,,-0.01,0.0,leg1 expiry | YES only | ref=2115.28 final=2118.68 | fee=0.00 slip=0.15
C5LEG-1779224147-SOL,22:56:33,1779224193.1497037,coin5min,SOL,YES_LEG,0.4982,5.0,4.89,LEG1_WIN,,-0.01,0.0,leg1 expiry | YES only | ref=84.43 final=84.56 | fee=0.00 slip=0.15
C5LEG-1779224106-BTC,22:55:52,1779224152.921016,coin5min,BTC,YES_LEG,0.508,5.0,4.69,LEG1_WIN,,-0.01,0.0,leg1 expiry | YES only | ref=76922.26 final=77031.27 | fee=0.00 slip=0.15
C5LEG-1779224103-ETH,22:55:50,1779224150.2033792,coin5min,ETH,YES_LEG,0.4982,5.0,4.89,LEG1_WIN,,-0.01,0.0,leg1 expiry | YES only | ref=2115.28 final=2118.35 | fee=0.00 slip=0.15
C5LEG-1779224100-SOL,22:55:47,1779224147.47509,coin5min,SOL,YES_LEG,0.454,2.25,-5.04,LOSS,,-0.03,0.0,expiry | ref=84.43 final=84.55 outcome=YES | fee=0.00 slip=0.00
C5LEG-1779224059-BTC,22:55:06,1779224106.3256874,coin5min,BTC,YES_LEG,0.5277,5.0,4.33,LEG1_WIN,,-0.02,0.0,leg1 expiry | YES only | ref=76919.61 final=77030.11 | fee=0.00 slip=0.15
C5LEG-1779224056-ETH,22:55:03,1779224103.3633542,coin5min,ETH,YES_LEG,0.4982,5.0,4.89,LEG1_WIN,,-0.01,0.0,leg1 expiry | YES only | ref=2115.20 final=2118.26 | fee=0.00 slip=0.15
C5LEG-1779224053-SOL,22:55:00,1779224100.365514,coin5min,SOL,YES_LEG,0.496,3.67,3.58,LEG1_WIN,,-0.01,0.0,leg1 expiry | YES only | ref=84.43 final=84.53 | fee=0.00 slip=0.15
C5LEG-1779224012-BTC,22:54:19,1779224059.3167803,coin5min,BTC,YES_LEG,0.508,5.0,4.69,LEG1_WIN,,-0.02,0.0,leg1 expiry | YES only | ref=76911.99 final=77030.74 | fee=0.00 slip=0.15
C5LEG-1779224010-ETH,22:54:16,1779224056.6584618,coin5min,ETH,YES_LEG,0.4982,5.0,4.89,LEG1_WIN,,-0.01,0.0,leg1 expiry | YES only | ref=2114.64 final=2118.36 | fee=0.00 slip=0.15
C5LEG-1779224007-SOL,22:54:13,1779224053.9346046,coin5min,SOL,YES_LEG,0.496,3.67,3.58,LEG1_WIN,,-0.01,0.0,leg1 expiry | YES only | ref=84.43 final=84.55 | fee=0.00 slip=0.15
C5LEG-1779223966-BTC,22:53:32,1779224012.829172,coin5min,BTC,YES_LEG,0.508,5.0,4.69,LEG1_WIN,,-0.01,0.0,leg1 expiry | YES only | ref=76935.95 final=77020.02 | fee=0.00 slip=0.15
C5LEG-1779223963-ETH,22:53:30,1779224010.0645323,coin5min,ETH,YES_LEG,0.4982,5.0,4.89,LEG1_WIN,,-0.01,0.0,leg1 expiry | YES only | ref=2115.14 final=2118.28 | fee=0.00 slip=0.15
C5LEG-1779223960-SOL,22:53:27,1779224007.2940574,coin5min,SOL,YES_LEG,0.492,1.23,1.11,LEG1_WIN,,-0.01,0.0,leg1 expiry | YES only | ref=84.45 final=84.53 | fee=0.00 slip=0.15
C5LEG-1779223918-BTC,22:52:46,1779223966.135784,coin5min,BTC,YES_LEG,0.508,5.0,4.69,LEG1_WIN,,-0.01,0.0,leg1 expiry | YES only | ref=76939.42 final=77009.83 | fee=0.00 slip=0.15
C5LEG-1779223916-ETH,22:52:43,1779223963.3629053,coin5min,ETH,YES_LEG,0.4982,5.0,4.89,LEG1_WIN,,-0.01,0.0,leg1 expiry | YES only | ref=2115.32 final=2118.03 | fee=0.00 slip=0.15
C5LEG-1779223913-SOL,22:52:40,1779223960.6037946,coin5min,SOL,YES_LEG,0.492,1.23,1.11,LEG1_WIN,,-0.01,0.0,leg1 expiry | YES only | ref=84.47 final=84.52 | fee=0.00 slip=0.15
C5LEG-1779223872-BTC,22:51:58,1779223918.8281925,coin5min,BTC,YES_LEG,0.508,5.0,4.69,LEG1_WIN,,-0.01,0.0,leg1 expiry | YES only | ref=76941.36 final=76996.92 | fee=0.00 slip=0.15
C5LEG-1779223869-ETH,22:51:56,1779223916.11813,coin5min,ETH,YES_LEG,0.4982,5.0,4.89,LEG1_WIN,,-0.01,0.0,leg1 expiry | YES only | ref=2115.32 final=2117.76 | fee=0.00 slip=0.15
C5LEG-1779223867-SOL,22:51:53,1779223913.3977509,coin5min,SOL,YES_LEG,0.496,3.67,3.58,LEG1_WIN,,-0.01,0.0,leg1 expiry | YES only | ref=84.47 final=84.50 | fee=0.00 slip=0.15
C5LEG-1779223826-BTC,22:51:12,1779223872.748996,coin5min,BTC,YES_LEG,0.508,5.0,4.69,LEG1_WIN,,-0.01,0.0,leg1 expiry | YES only | ref=76937.49 final=76994.40 | fee=0.00 slip=0.15
C5LEG-1779223823-ETH,22:51:09,1779223869.941979,coin5min,ETH,YES_LEG,0.4982,5.0,4.89,LEG1_WIN,,-0.01,0.0,leg1 expiry | YES only | ref=2115.06 final=2117.76 | fee=0.00 slip=0.15
C5LEG-1779223820-SOL,22:51:07,1779223867.1245627,coin5min,SOL,YES_LEG,0.4982,5.0,4.89,LEG1_WIN,,-0.01,0.0,leg1 expiry | YES only | ref=84.47 final=84.50 | fee=0.00 slip=0.15
C5LEG-1779223778-BTC,22:50:26,1779223826.4758253,coin5min,BTC,YES_LEG,0.508,5.0,4.69,LEG1_WIN,,-0.01,0.0,leg1 expiry | YES only | ref=76937.49 final=76986.89 | fee=0.00 slip=0.15
C5LEG-1779223775-ETH,22:50:23,1779223823.6077366,coin5min,ETH,YES_LEG,0.508,5.0,4.69,LEG1_WIN,,-0.01,0.0,leg1 expiry | YES only | ref=2115.14 final=2117.76 | fee=0.00 slip=0.15
C5LEG-1779223772-SOL,22:50:20,1779223820.8384044,coin5min,SOL,YES_LEG,0.506,3.75,3.51,LEG1_WIN,,-0.01,0.0,leg1 expiry | YES only | ref=84.44 final=84.50 | fee=0.00 slip=0.15
C5LEG-1779223732-BTC,22:49:38,1779223778.575261,coin5min,BTC,YES_LEG,0.5178,5.0,4.51,LEG1_WIN,,-0.01,0.0,leg1 expiry | YES only | ref=76937.49 final=76986.89 | fee=0.00 slip=0.15
C5LEG-1779223729-ETH,22:49:35,1779223775.6850023,coin5min,ETH,YES_LEG,0.508,5.0,4.69,LEG1_WIN,,-0.01,0.0,leg1 expiry | YES only | ref=2115.32 final=2117.88 | fee=0.00 slip=0.15
C5LEG-1779223726-SOL,22:49:32,1779223772.5913098,coin5min,SOL,YES_LEG,0.506,3.75,3.51,LEG1_WIN,,-0.01,0.0,leg1 expiry | YES only | ref=84.44 final=84.53 | fee=0.00 slip=0.15
C5LEG-1779223685-BTC,22:48:52,1779223732.8714187,coin5min,BTC,YES_LEG,0.5178,5.0,4.51,LEG1_WIN,,-0.01,0.0,leg1 expiry | YES only | ref=76942.11 final=76978.24 | fee=0.00 slip=0.15
C5LEG-1779223682-ETH,22:48:49,1779223729.83654,coin5min,ETH,YES_LEG,0.508,5.0,4.69,LEG1_WIN,,-0.01,0.0,leg1 expiry | YES only | ref=2115.52 final=2118.03 | fee=0.00 slip=0.15
C5LEG-1779223679-SOL,22:48:46,1779223726.530623,coin5min,SOL,YES_LEG,0.506,3.75,3.51,LEG1_WIN,,-0.01,0.0,leg1 expiry | YES only | ref=84.44 final=84.53 | fee=0.00 slip=0.15
C5LEG-1779223637-BTC,22:48:05,1779223685.669856,coin5min,BTC,YES_LEG,0.5178,5.0,4.51,LEG1_WIN,,-0.01,0.0,leg1 expiry | YES only | ref=76949.17 final=76991.80 | fee=0.00 slip=0.15
C5LEG-1779223634-ETH,22:48:02,1779223682.8106916,coin5min,ETH,YES_LEG,0.508,5.0,4.69,LEG1_WIN,,-0.01,0.0,leg1 expiry | YES only | ref=2115.88 final=2118.43 | fee=0.00 slip=0.15
C5LEG-1779223631-SOL,22:47:59,1779223679.6223702,coin5min,SOL,YES_LEG,0.506,3.75,3.51,LEG1_WIN,,-0.01,0.0,leg1 expiry | YES only | ref=84.45 final=84.55 | fee=0.00 slip=0.15
C5LEG-1779223592-BTC,22:47:17,1779223637.5470972,coin5min,BTC,YES_LEG,0.5178,5.0,4.51,LEG1_WIN,,-0.01,0.0,leg1 expiry | YES only | ref=76936.08 final=76984.86 | fee=0.00 slip=0.15
C5LEG-1779223586-ETH,22:47:14,1779223634.3702335,coin5min,ETH,YES_LEG,0.508,5.0,4.69,LEG1_WIN,,-0.01,0.0,leg1 expiry | YES only | ref=2115.97 final=2117.99 | fee=0.00 slip=0.15
C5LEG-1779223583-SOL,22:47:11,1779223631.3514853,coin5min,SOL,YES_LEG,0.506,3.75,3.51,LEG1_WIN,,-0.01,0.0,leg1 expiry | YES only | ref=84.45 final=84.53 | fee=0.00 slip=0.15
C5LEG-1779223545-BTC,22:46:32,1779223592.0755594,coin5min,BTC,YES_LEG,0.5178,5.0,4.51,LEG1_WIN,,-0.01,0.0,leg1 expiry | YES only | ref=76917.67 final=76961.62 | fee=0.00 slip=0.15
C5LEG-1779223539-ETH,22:46:26,1779223586.1405814,coin5min,ETH,YES_LEG,0.508,5.0,4.69,LEG1_WIN,,-0.01,0.0,leg1 expiry | YES only | ref=2115.60 final=2117.09 | fee=0.00 slip=0.15
C5LEG-1779223536-SOL,22:46:23,1779223583.380697,coin5min,SOL,YES_LEG,0.508,5.0,4.69,LEG1_WIN,,-0.01,0.0,leg1 expiry | YES only | ref=84.44 final=84.47 | fee=0.00 slip=0.15
C5LEG-1779223499-BTC,22:45:45,1779223545.7961028,coin5min,BTC,YES_LEG,0.4883,5.0,0.24,WIN,,-0.01,0.0,expiry | ref=76940.24 final=76946.20 outcome=YES | fee=0.00 slip=0.00
C5LEG-1779223494-ETH,22:45:39,1779223539.6474016,coin5min,ETH,YES_LEG,0.508,5.0,4.69,LEG1_WIN,,-0.02,0.0,leg1 expiry | YES only | ref=2116.24 final=2116.64 | fee=0.00 slip=0.15
C5LEG-1779223491-SOL,22:45:36,1779223536.9063985,coin5min,SOL,YES_LEG,0.5,0.03,-0.13,LEG1_LOSS,,-0.01,0.0,leg1 expiry | YES only | ref=84.47 final=84.47 | fee=0.00 slip=0.15
C5LEG-1779223447-ETH,22:44:54,1779223494.044328,coin5min,ETH,YES_LEG,0.492,1.23,-1.38,LEG1_LOSS,,-0.01,0.0,leg1 expiry | YES only | ref=2116.60 final=2116.22 | fee=0.00 slip=0.15
C5LEG-1779223428-SOL,22:44:35,1779223475.856144,coin5min,SOL,NO_LEG,0.5178,5.0,4.51,LEG1_WIN,,-0.01,0.0,leg1 expiry | NO only | ref=84.50 final=84.45 | fee=0.00 slip=0.15
C5LEG-1779223374-ETH,22:43:41,1779223421.267749,coin5min,ETH,YES_LEG,0.4982,5.0,-5.15,LEG1_LOSS,,-0.01,0.0,leg1 expiry | YES only | ref=2116.38 final=2116.07 | fee=0.00 slip=0.15
C5LEG-1779223365-BTC,22:43:30,1779223410.936559,coin5min,BTC,YES_LEG,0.4982,5.0,0.04,WIN,,-0.01,0.0,expiry | ref=76917.67 final=76934.51 outcome=YES | fee=0.00 slip=0.00
C5LEG-1779223353-SOL,22:43:18,1779223398.387237,coin5min,SOL,YES_LEG,0.502,1.25,1.09,LEG1_WIN,,-0.01,0.0,leg1 expiry | YES only | ref=84.41 final=84.44 | fee=0.00 slip=0.15
C5LEG-1779223329-ETH,22:42:54,1779223374.783582,coin5min,ETH,YES_LEG,0.4982,5.0,-5.15,LEG1_LOSS,,-0.01,0.0,leg1 expiry | YES only | ref=2116.31 final=2116.07 | fee=0.00 slip=0.15
C5LEG-1779223317-BTC,22:42:45,1779223365.0157251,coin5min,BTC,YES_LEG,0.508,5.0,4.69,LEG1_WIN,,-0.01,0.0,leg1 expiry | YES only | ref=76912.02 final=76934.51 | fee=0.00 slip=0.15
C5LEG-1779223307-SOL,22:42:33,1779223353.2849917,coin5min,SOL,YES_LEG,0.502,1.25,1.09,LEG1_WIN,,-0.01,0.0,leg1 expiry | YES only | ref=84.41 final=84.44 | fee=0.00 slip=0.15
C5LEG-1779223284-ETH,22:42:09,1779223329.7304845,coin5min,ETH,YES_LEG,0.4982,5.0,4.89,LEG1_WIN,,-0.01,0.0,leg1 expiry | YES only | ref=2115.80 final=2116.51 | fee=0.00 slip=0.15
C5LEG-1779223270-BTC,22:41:56,1779223316.9666126,coin5min,BTC,YES_LEG,0.508,5.0,4.69,LEG1_WIN,,-0.01,0.0,leg1 expiry | YES only | ref=76894.24 final=76948.83 | fee=0.00 slip=0.15
C5LEG-1779223261-SOL,22:41:47,1779223307.7204106,coin5min,SOL,YES_LEG,0.508,5.0,4.69,LEG1_WIN,,-0.01,0.0,leg1 expiry | YES only | ref=84.38 final=84.44 | fee=0.00 slip=0.15
C5LEG-1779223238-ETH,22:41:24,1779223284.2494776,coin5min,ETH,YES_LEG,0.4982,5.0,4.89,LEG1_WIN,,-0.01,0.0,leg1 expiry | YES only | ref=2115.30 final=2116.82 | fee=0.00 slip=0.15
C5LEG-1779223225-BTC,22:41:10,1779223270.6648462,coin5min,BTC,YES_LEG,0.508,5.0,4.69,LEG1_WIN,,-0.01,0.0,leg1 expiry | YES only | ref=76880.26 final=76954.01 | fee=0.00 slip=0.15
C5LEG-1779223213-SOL,22:41:01,1779223261.1485257,coin5min,SOL,YES_LEG,0.504,2.5,2.31,LEG1_WIN,,-0.01,0.0,leg1 expiry | YES only | ref=84.38 final=84.45 | fee=0.00 slip=0.15
C5LEG-1779223191-ETH,22:40:38,1779223238.7099283,coin5min,ETH,YES_LEG,0.4982,5.0,4.89,LEG1_WIN,,-0.01,0.0,leg1 expiry | YES only | ref=2114.86 final=2117.23 | fee=0.00 slip=0.15
C5LEG-1779223177-BTC,22:40:25,1779223225.5110905,coin5min,BTC,YES_LEG,0.4982,5.0,4.89,LEG1_WIN,,-0.01,0.0,leg1 expiry | YES only | ref=76882.88 final=76975.36 | fee=0.00 slip=0.15
C5LEG-1779223167-SOL,22:40:13,1779223213.725944,coin5min,SOL,YES_LEG,0.5072,2.0,1.79,LEG1_WIN,,-0.02,0.0,leg1 expiry | YES only | ref=84.38 final=84.45 | fee=0.00 slip=0.15
C5LEG-1779223145-ETH,22:39:51,1779223191.1883507,coin5min,ETH,YES_LEG,0.4785,5.0,5.3,LEG1_WIN,,-0.01,0.0,leg1 expiry | YES only | ref=2114.26 final=2117.55 | fee=0.00 slip=0.15
C5LEG-1779223132-BTC,22:39:37,1779223177.3704805,coin5min,BTC,YES_LEG,0.4982,5.0,4.89,LEG1_WIN,,-0.01,0.0,leg1 expiry | YES only | ref=76861.74 final=76976.07 | fee=0.00 slip=0.15
C5LEG-1779223120-SOL,22:39:27,1779223167.8241968,coin5min,SOL,YES_LEG,0.5072,4.5,4.22,LEG1_WIN,,-0.01,0.0,leg1 expiry | YES only | ref=84.35 final=84.44 | fee=0.00 slip=0.15
C5LEG-1779223098-ETH,22:39:05,1779223145.0228777,coin5min,ETH,YES_LEG,0.4982,5.0,4.89,LEG1_WIN,,-0.01,0.0,leg1 expiry | YES only | ref=2113.86 final=2118.22 | fee=0.00 slip=0.15
C5LEG-1779223085-BTC,22:38:52,1779223132.256534,coin5min,BTC,YES_LEG,0.508,5.0,4.69,LEG1_WIN,,-0.01,0.0,leg1 expiry | YES only | ref=76837.60 final=76981.04 | fee=0.00 slip=0.15
C5LEG-1779223073-SOL,22:38:40,1779223120.716182,coin5min,SOL,YES_LEG,0.5072,4.5,4.22,LEG1_WIN,,-0.01,0.0,leg1 expiry | YES only | ref=84.31 final=84.50 | fee=0.00 slip=0.15
C5LEG-1779223053-ETH,22:38:18,1779223098.9323847,coin5min,ETH,YES_LEG,0.4982,5.0,4.89,LEG1_WIN,,-0.01,0.0,leg1 expiry | YES only | ref=2113.45 final=2117.62 | fee=0.00 slip=0.15
C5LEG-1779223039-BTC,22:38:05,1779223085.620232,coin5min,BTC,YES_LEG,0.508,5.0,4.69,LEG1_WIN,,-0.01,0.0,leg1 expiry | YES only | ref=76852.67 final=76963.30 | fee=0.00 slip=0.15
C5LEG-1779223026-SOL,22:37:53,1779223073.4756572,coin5min,SOL,YES_LEG,0.508,5.0,4.69,LEG1_WIN,,-0.01,0.0,leg1 expiry | YES only | ref=84.34 final=84.47 | fee=0.00 slip=0.15
C5LEG-1779223006-ETH,22:37:33,1779223053.2672782,coin5min,ETH,YES_LEG,0.508,5.0,4.69,LEG1_WIN,,-0.02,0.0,leg1 expiry | YES only | ref=2113.22 final=2117.07 | fee=0.00 slip=0.15
C5LEG-1779222993-BTC,22:37:19,1779223039.0356643,coin5min,BTC,YES_LEG,0.508,5.0,4.69,LEG1_WIN,,-0.01,0.0,leg1 expiry | YES only | ref=76852.67 final=76961.29 | fee=0.00 slip=0.15
C5LEG-1779222981-SOL,22:37:06,1779223026.8459249,coin5min,SOL,YES_LEG,0.508,5.0,4.69,LEG1_WIN,,-0.01,0.0,leg1 expiry | YES only | ref=84.37 final=84.47 | fee=0.00 slip=0.15
C5LEG-1779222958-ETH,22:36:46,1779223006.26269,coin5min,ETH,YES_LEG,0.508,5.0,4.69,LEG1_WIN,,-0.01,0.0,leg1 expiry | YES only | ref=2114.34 final=2116.59 | fee=0.00 slip=0.15
C5LEG-1779222948-BTC,22:36:33,1779222993.5139184,coin5min,BTC,YES_LEG,0.508,5.0,4.69,LEG1_WIN,,-0.01,0.0,leg1 expiry | YES only | ref=76903.39 final=76958.48 | fee=0.00 slip=0.15
C5LEG-1779222936-SOL,22:36:21,1779222981.6859024,coin5min,SOL,YES_LEG,0.504,2.5,2.31,LEG1_WIN,,-0.01,0.0,leg1 expiry | YES only | ref=84.41 final=84.47 | fee=0.00 slip=0.15
C5LEG-1779222911-ETH,22:35:58,1779222958.3664982,coin5min,ETH,YES_LEG,0.508,5.0,4.69,LEG1_WIN,,-0.01,0.0,leg1 expiry | YES only | ref=2114.43 final=2116.51 | fee=0.00 slip=0.15
C5LEG-1779222901-BTC,22:35:48,1779222948.3361242,coin5min,BTC,YES_LEG,0.5178,5.0,4.51,LEG1_WIN,,-0.01,0.0,leg1 expiry | YES only | ref=76903.73 final=76958.48 | fee=0.00 slip=0.15
C5LEG-1779222887-SOL,22:35:35,1779222935.9336011,coin5min,SOL,YES_LEG,0.5144,2.82,2.51,LEG1_WIN,,-0.01,0.0,leg1 expiry | YES only | ref=84.37 final=84.44 | fee=0.00 slip=0.15
C5LEG-1779222865-ETH,22:35:11,1779222911.336514,coin5min,ETH,YES_LEG,0.4982,5.0,4.89,LEG1_WIN,,-0.01,0.0,leg1 expiry | YES only | ref=2113.10 final=2116.07 | fee=0.00 slip=0.15
C5LEG-1779222855-BTC,22:35:01,1779222901.0523646,coin5min,BTC,YES_LEG,0.5178,5.0,4.51,LEG1_WIN,,-0.01,0.0,leg1 expiry | YES only | ref=76857.40 final=76946.52 | fee=0.00 slip=0.15
C5LEG-1779222840-SOL,22:34:47,1779222887.8907778,coin5min,SOL,YES_LEG,0.5178,5.0,4.51,LEG1_WIN,,-0.01,0.0,leg1 expiry | YES only | ref=84.34 final=84.45 | fee=0.00 slip=0.15
C5LEG-1779222813-ETH,22:34:25,1779222865.5022933,coin5min,ETH,YES_LEG,0.492,1.23,1.11,LEG1_WIN,,-0.01,0.0,leg1 expiry | YES only | ref=2112.65 final=2115.88 | fee=0.00 slip=0.15
C5LEG-1779222809-BTC,22:34:15,1779222855.7875562,coin5min,BTC,YES_LEG,0.5178,5.0,4.51,LEG1_WIN,,-0.01,0.0,leg1 expiry | YES only | ref=76857.40 final=76929.96 | fee=0.00 slip=0.15
C5LEG-1779222792-SOL,22:33:59,1779222839.9673834,coin5min,SOL,NO_LEG,0.506,3.75,-3.9,LEG1_LOSS,,-0.01,0.0,leg1 expiry | NO only | ref=84.34 final=84.41 | fee=0.00 slip=0.15
C5LEG-1779222765-ETH,22:33:33,1779222813.3684893,coin5min,ETH,YES_LEG,0.492,1.23,1.11,LEG1_WIN,,-0.01,0.0,leg1 expiry | YES only | ref=2112.47 final=2115.43 | fee=0.00 slip=0.15
C5LEG-1779222764-BTC,22:33:29,1779222809.8867896,coin5min,BTC,YES_LEG,0.5178,5.0,4.51,LEG1_WIN,,-0.01,0.0,leg1 expiry | YES only | ref=76844.92 final=76929.96 | fee=0.00 slip=0.15
C5LEG-1779222746-SOL,22:33:12,1779222792.19527,coin5min,SOL,NO_LEG,0.506,3.75,-3.9,LEG1_LOSS,,-0.01,0.0,leg1 expiry | NO only | ref=84.37 final=84.38 | fee=0.00 slip=0.15
C5LEG-1779222717-ETH,22:32:45,1779222765.2386146,coin5min,ETH,YES_LEG,0.4982,5.0,4.89,LEG1_WIN,,-0.01,0.0,leg1 expiry | YES only | ref=2111.99 final=2115.38 | fee=0.00 slip=0.15
C5LEG-1779222716-BTC,22:32:44,1779222764.6960895,coin5min,BTC,YES_LEG,0.5178,5.0,4.51,LEG1_WIN,,-0.01,0.0,leg1 expiry | YES only | ref=76805.83 final=76929.96 | fee=0.00 slip=0.15
C5LEG-1779222701-SOL,22:32:26,1779222746.7769024,coin5min,SOL,NO_LEG,0.506,3.75,-3.9,LEG1_LOSS,,-0.01,0.0,leg1 expiry | NO only | ref=84.35 final=84.38 | fee=0.00 slip=0.15
C5LEG-1779222670-ETH,22:31:56,1779222716.9802988,coin5min,ETH,YES_LEG,0.4982,5.0,4.89,LEG1_WIN,,-0.01,0.0,leg1 expiry | YES only | ref=2112.20 final=2115.68 | fee=0.00 slip=0.15
C5LEG-1779222670-BTC,22:31:56,1779222716.5925698,coin5min,BTC,YES_LEG,0.5178,5.0,4.51,LEG1_WIN,,-0.01,0.0,leg1 expiry | YES only | ref=76814.54 final=76929.96 | fee=0.00 slip=0.15
C5LEG-1779222654-SOL,22:31:41,1779222701.1182868,coin5min,SOL,YES_LEG,0.516,3.83,3.44,LEG1_WIN,,-0.01,0.0,leg1 expiry | YES only | ref=84.35 final=84.41 | fee=0.00 slip=0.15
C5LEG-1779222625-ETH,22:31:10,1779222670.7020102,coin5min,ETH,YES_LEG,0.508,5.0,4.69,LEG1_WIN,,-0.02,0.0,leg1 expiry | YES only | ref=2111.99 final=2116.65 | fee=0.00 slip=0.15
C5LEG-1779222624-BTC,22:31:10,1779222670.2916741,coin5min,BTC,YES_LEG,0.5178,5.0,4.51,LEG1_WIN,,-0.01,0.0,leg1 expiry | YES only | ref=76811.48 final=76961.29 | fee=0.00 slip=0.15
C5LEG-1779222606-SOL,22:30:54,1779222654.417601,coin5min,SOL,YES_LEG,0.526,3.9,3.36,LEG1_WIN,,-0.02,0.0,leg1 expiry | YES only | ref=84.35 final=84.44 | fee=0.00 slip=0.15
C5LEG-1779222579-ETH,22:30:25,1779222625.1218827,coin5min,ETH,YES_LEG,0.4909,0.52,0.39,LEG1_WIN,,-0.01,0.0,leg1 expiry | YES only | ref=2111.97 final=2115.76 | fee=0.00 slip=0.15
C5LEG-1779222578-BTC,22:30:24,1779222624.71413,coin5min,BTC,YES_LEG,0.508,5.0,-0.16,LOSS,,-0.01,0.0,expiry | ref=76808.51 final=76932.17 outcome=YES | fee=0.00 slip=0.00
C5LEG-1779222559-SOL,22:30:06,1779222606.698933,coin5min,SOL,NO_LEG,0.504,2.5,-2.65,LEG1_LOSS,,-0.01,0.0,leg1 expiry | NO only | ref=84.35 final=84.41 | fee=0.00 slip=0.15
C5LEG-1779222533-ETH,22:29:39,1779222579.2664325,coin5min,ETH,YES_LEG,0.4982,5.0,4.89,LEG1_WIN,,-0.01,0.0,leg1 expiry | YES only | ref=2112.14 final=2115.61 | fee=0.00 slip=0.15
C5LEG-1779222533-BTC,22:29:38,1779222578.8658814,coin5min,BTC,YES_LEG,0.508,5.0,4.69,LEG1_WIN,,-0.01,0.0,leg1 expiry | YES only | ref=76815.39 final=76919.89 | fee=0.00 slip=0.15
C5LEG-1779222514-SOL,22:29:19,1779222559.8048935,coin5min,SOL,YES_LEG,0.508,5.0,4.69,LEG1_WIN,,-0.01,0.0,leg1 expiry | YES only | ref=84.34 final=84.38 | fee=0.00 slip=0.15
C5LEG-1779222485-ETH,22:28:53,1779222533.5486465,coin5min,ETH,YES_LEG,0.4982,5.0,4.89,LEG1_WIN,,-0.01,0.0,leg1 expiry | YES only | ref=2111.15 final=2115.76 | fee=0.00 slip=0.15
C5LEG-1779222485-BTC,22:28:52,1779222532.9812818,coin5min,BTC,YES_LEG,0.508,5.0,4.69,LEG1_WIN,,-0.01,0.0,leg1 expiry | YES only | ref=76782.76 final=76927.51 | fee=0.00 slip=0.15
C5LEG-1779222467-SOL,22:28:34,1779222514.4283218,coin5min,SOL,YES_LEG,0.502,1.25,1.09,LEG1_WIN,,-0.01,0.0,leg1 expiry | YES only | ref=84.31 final=84.38 | fee=0.00 slip=0.15
C5LEG-1779222437-ETH,22:28:05,1779222485.3237581,coin5min,ETH,YES_LEG,0.4982,5.0,4.89,LEG1_WIN,,-0.01,0.0,leg1 expiry | YES only | ref=2111.89 final=2115.99 | fee=0.00 slip=0.15
C5LEG-1779222437-BTC,22:28:04,1779222484.9846938,coin5min,BTC,YES_LEG,0.508,5.0,4.69,LEG1_WIN,,-0.01,0.0,leg1 expiry | YES only | ref=76804.58 final=76927.51 | fee=0.00 slip=0.15
C5LEG-1779222420-SOL,22:27:47,1779222467.125175,coin5min,SOL,YES_LEG,0.506,3.75,3.51,LEG1_WIN,,-0.01,0.0,leg1 expiry | YES only | ref=84.40 final=84.40 | fee=0.00 slip=0.15
C5LEG-1779222391-ETH,22:27:17,1779222437.3170063,coin5min,ETH,YES_LEG,0.508,5.0,4.69,LEG1_WIN,,-0.01,0.0,leg1 expiry | YES only | ref=2113.72 final=2116.30 | fee=0.00 slip=0.15
C5LEG-1779222391-BTC,22:27:16,1779222436.9841115,coin5min,BTC,YES_LEG,0.508,5.0,4.69,LEG1_WIN,,-0.01,0.0,leg1 expiry | YES only | ref=76870.35 final=76944.90 | fee=0.00 slip=0.15
C5LEG-1779222375-SOL,22:27:00,1779222420.8398068,coin5min,SOL,YES_LEG,0.506,3.75,-3.9,LEG1_LOSS,,-0.01,0.0,leg1 expiry | YES only | ref=84.44 final=84.43 | fee=0.00 slip=0.15
C5LEG-1779222345-ETH,22:26:31,1779222391.859471,coin5min,ETH,YES_LEG,0.508,5.0,4.69,LEG1_WIN,,-0.01,0.0,leg1 expiry | YES only | ref=2114.27 final=2116.30 | fee=0.00 slip=0.15
C5LEG-1779222345-BTC,22:26:31,1779222391.450183,coin5min,BTC,YES_LEG,0.508,5.0,4.69,LEG1_WIN,,-0.01,0.0,leg1 expiry | YES only | ref=76883.99 final=76944.90 | fee=0.00 slip=0.15
C5LEG-1779222327-SOL,22:26:15,1779222375.2648494,coin5min,SOL,YES_LEG,0.508,5.0,-5.15,LEG1_LOSS,,-0.01,0.0,leg1 expiry | YES only | ref=84.44 final=84.43 | fee=0.00 slip=0.15
C5LEG-1779222300-ETH,22:25:45,1779222345.9239933,coin5min,ETH,YES_LEG,0.512,1.27,1.07,LEG1_WIN,,-0.01,0.0,leg1 expiry | YES only | ref=2113.35 final=2115.36 | fee=0.00 slip=0.15
C5LEG-1779222300-BTC,22:25:45,1779222345.519338,coin5min,BTC,YES_LEG,0.4883,5.0,5.09,LEG1_WIN,,-0.01,0.0,leg1 expiry | YES only | ref=76848.86 final=76934.33 | fee=0.00 slip=0.15
C5LEG-1779222281-SOL,22:25:27,1779222327.0594232,coin5min,SOL,YES_LEG,0.494,2.45,2.36,LEG1_WIN,,-0.01,0.0,leg1 expiry | YES only | ref=84.38 final=84.41 | fee=0.00 slip=0.15
C5LEG-1779222253-ETH,22:25:00,1779222300.4695554,coin5min,ETH,YES_LEG,0.5178,5.0,4.51,LEG1_WIN,,-0.01,0.0,leg1 expiry | YES only | ref=2113.11 final=2115.19 | fee=0.00 slip=0.15
C5LEG-1779222253-BTC,22:25:00,1779222300.116224,coin5min,BTC,YES_LEG,0.508,5.0,4.69,LEG1_WIN,,-0.02,0.0,leg1 expiry | YES only | ref=76848.83 final=76917.76 | fee=0.00 slip=0.15
C5LEG-1779222235-SOL,22:24:41,1779222281.0112233,coin5min,SOL,YES_LEG,0.502,1.25,1.09,LEG1_WIN,,-0.01,0.0,leg1 expiry | YES only | ref=84.38 final=84.41 | fee=0.00 slip=0.15
C5LEG-1779222206-ETH,22:24:13,1779222253.71009,coin5min,ETH,YES_LEG,0.5178,5.0,4.51,LEG1_WIN,,-0.01,0.0,leg1 expiry | YES only | ref=2113.61 final=2115.06 | fee=0.00 slip=0.15
C5LEG-1779222206-BTC,22:24:13,1779222253.3826838,coin5min,BTC,YES_LEG,0.508,5.0,4.69,LEG1_WIN,,-0.01,0.0,leg1 expiry | YES only | ref=76852.33 final=76929.90 | fee=0.00 slip=0.15
C5LEG-1779222187-SOL,22:23:55,1779222235.1629395,coin5min,SOL,YES_LEG,0.502,1.25,1.09,LEG1_WIN,,-0.01,0.0,leg1 expiry | YES only | ref=84.41 final=84.43 | fee=0.00 slip=0.15
C5LEG-1779222161-ETH,22:23:26,1779222206.6242373,coin5min,ETH,YES_LEG,0.5178,5.0,4.51,LEG1_WIN,,-0.01,0.0,leg1 expiry | YES only | ref=2113.07 final=2115.28 | fee=0.00 slip=0.15
C5LEG-1779222161-BTC,22:23:26,1779222206.217426,coin5min,BTC,YES_LEG,0.508,5.0,4.69,LEG1_WIN,,-0.01,0.0,leg1 expiry | YES only | ref=76825.67 final=76927.27 | fee=0.00 slip=0.15
C5LEG-1779222142-SOL,22:23:07,1779222187.7623591,coin5min,SOL,NO_LEG,0.516,3.83,3.44,LEG1_WIN,,-0.01,0.0,leg1 expiry | NO only | ref=84.44 final=84.43 | fee=0.00 slip=0.15
C5LEG-1779222115-ETH,22:22:41,1779222161.5709827,coin5min,ETH,YES_LEG,0.5178,5.0,4.51,LEG1_WIN,,-0.01,0.0,leg1 expiry | YES only | ref=2113.47 final=2115.28 | fee=0.00 slip=0.15
C5LEG-1779222114-BTC,22:22:40,1779222160.9945934,coin5min,BTC,YES_LEG,0.508,5.0,4.69,LEG1_WIN,,-0.01,0.0,leg1 expiry | YES only | ref=76852.57 final=76922.26 | fee=0.00 slip=0.15
C5LEG-1779222096-SOL,22:22:22,1779222142.1413157,coin5min,SOL,YES_LEG,0.502,1.25,1.09,LEG1_WIN,,-0.01,0.0,leg1 expiry | YES only | ref=84.40 final=84.43 | fee=0.00 slip=0.15
C5LEG-1779222068-ETH,22:21:55,1779222115.0797303,coin5min,ETH,YES_LEG,0.5178,5.0,4.51,LEG1_WIN,,-0.01,0.0,leg1 expiry | YES only | ref=2112.69 final=2115.28 | fee=0.00 slip=0.15
C5LEG-1779222068-BTC,22:21:54,1779222114.6649399,coin5min,BTC,YES_LEG,0.508,5.0,4.69,LEG1_WIN,,-0.01,0.0,leg1 expiry | YES only | ref=76826.01 final=76919.61 | fee=0.00 slip=0.15
C5LEG-1779222049-SOL,22:21:36,1779222096.9333856,coin5min,SOL,YES_LEG,0.502,1.25,-1.4,LEG1_LOSS,,-0.01,0.0,leg1 expiry | YES only | ref=84.44 final=84.43 | fee=0.00 slip=0.15
C5LEG-1779222020-ETH,22:21:08,1779222068.361665,coin5min,ETH,YES_LEG,0.5178,5.0,4.51,LEG1_WIN,,-0.01,0.0,leg1 expiry | YES only | ref=2114.03 final=2114.64 | fee=0.00 slip=0.15
C5LEG-1779222020-BTC,22:21:08,1779222068.0013628,coin5min,BTC,YES_LEG,0.508,5.0,4.69,LEG1_WIN,,-0.01,0.0,leg1 expiry | YES only | ref=76841.67 final=76903.61 | fee=0.00 slip=0.15
C5LEG-1779222001-SOL,22:20:49,1779222049.750217,coin5min,SOL,YES_LEG,0.514,2.55,-2.7,LEG1_LOSS,,-0.02,0.0,leg1 expiry | YES only | ref=84.45 final=84.41 | fee=0.00 slip=0.15
C5LEG-1779221972-ETH,22:20:20,1779222020.290865,coin5min,ETH,YES_LEG,0.502,1.25,1.09,LEG1_WIN,,-0.01,0.0,leg1 expiry | YES only | ref=2113.38 final=2115.24 | fee=0.00 slip=0.15
C5LEG-1779221972-BTC,22:20:19,1779222019.9636884,coin5min,BTC,YES_LEG,0.508,5.0,4.69,LEG1_WIN,,-0.02,0.0,leg1 expiry | YES only | ref=76836.46 final=76941.01 | fee=0.00 slip=0.15
C5LEG-1779221954-SOL,22:20:01,1779222001.705294,coin5min,SOL,YES_LEG,0.506,3.75,3.51,LEG1_WIN,,-0.01,0.0,leg1 expiry | YES only | ref=84.43 final=84.45 | fee=0.00 slip=0.15
C5LEG-1779221926-ETH,22:19:32,1779221972.9552724,coin5min,ETH,YES_LEG,0.502,1.25,1.09,LEG1_WIN,,-0.01,0.0,leg1 expiry | YES only | ref=2113.03 final=2115.36 | fee=0.00 slip=0.15
C5LEG-1779221925-BTC,22:19:32,1779221972.5396652,coin5min,BTC,YES_LEG,0.4785,5.0,5.3,LEG1_WIN,,-0.01,0.0,leg1 expiry | YES only | ref=76821.08 final=76939.42 | fee=0.00 slip=0.15
C5LEG-1779221909-SOL,22:19:14,1779221954.2537751,coin5min,SOL,YES_LEG,0.506,3.75,3.51,LEG1_WIN,,-0.01,0.0,leg1 expiry | YES only | ref=84.43 final=84.47 | fee=0.00 slip=0.15
C5LEG-1779221879-ETH,22:18:46,1779221926.2659764,coin5min,ETH,YES_LEG,0.502,1.25,1.09,LEG1_WIN,,-0.01,0.0,leg1 expiry | YES only | ref=2113.93 final=2115.32 | fee=0.00 slip=0.15
C5LEG-1779221879-BTC,22:18:45,1779221925.700092,coin5min,BTC,YES_LEG,0.4785,5.0,5.3,LEG1_WIN,,-0.01,0.0,leg1 expiry | YES only | ref=76845.64 final=76937.74 | fee=0.00 slip=0.15
C5LEG-1779221861-SOL,22:18:29,1779221909.051193,coin5min,SOL,YES_LEG,0.506,3.75,-3.9,LEG1_LOSS,,-0.01,0.0,leg1 expiry | YES only | ref=84.47 final=84.47 | fee=0.00 slip=0.15
C5LEG-1779221832-ETH,22:17:59,1779221879.3152492,coin5min,ETH,YES_LEG,0.508,5.0,4.69,LEG1_WIN,,-0.01,0.0,leg1 expiry | YES only | ref=2114.53 final=2114.93 | fee=0.00 slip=0.15
C5LEG-1779221832-BTC,22:17:58,1779221878.9824677,coin5min,BTC,YES_LEG,0.4785,5.0,5.3,LEG1_WIN,,-0.01,0.0,leg1 expiry | YES only | ref=76881.17 final=76937.74 | fee=0.00 slip=0.15
C5LEG-1779221813-SOL,22:17:40,1779221860.9820852,coin5min,SOL,YES_LEG,0.508,5.0,-5.15,LEG1_LOSS,,-0.01,0.0,leg1 expiry | YES only | ref=84.50 final=84.44 | fee=0.00 slip=0.15
C5LEG-1779221787-ETH,22:17:12,1779221832.8756433,coin5min,ETH,YES_LEG,0.508,5.0,4.69,LEG1_WIN,,-0.01,0.0,leg1 expiry | YES only | ref=2114.97 final=2115.06 | fee=0.00 slip=0.15
C5LEG-1779221786-BTC,22:17:12,1779221832.4946115,coin5min,BTC,YES_LEG,0.4785,5.0,5.3,LEG1_WIN,,-0.01,0.0,leg1 expiry | YES only | ref=76879.61 final=76937.49 | fee=0.00 slip=0.15
C5LEG-1779221767-SOL,22:16:53,1779221813.9206479,coin5min,SOL,YES_LEG,0.502,1.25,1.09,LEG1_WIN,,-0.01,0.0,leg1 expiry | YES only | ref=84.47 final=84.50 | fee=0.00 slip=0.15
C5LEG-1779221741-ETH,22:16:27,1779221787.0175388,coin5min,ETH,YES_LEG,0.508,5.0,4.69,LEG1_WIN,,-0.01,0.0,leg1 expiry | YES only | ref=2114.41 final=2115.30 | fee=0.00 slip=0.15
C5LEG-1779221741-BTC,22:16:26,1779221786.6990457,coin5min,BTC,YES_LEG,0.508,5.0,4.69,LEG1_WIN,,-0.01,0.0,leg1 expiry | YES only | ref=76879.61 final=76937.49 | fee=0.00 slip=0.15
C5LEG-1779221720-SOL,22:16:07,1779221767.6350005,coin5min,SOL,YES_LEG,0.502,1.25,1.09,LEG1_WIN,,-0.01,0.0,leg1 expiry | YES only | ref=84.41 final=84.44 | fee=0.00 slip=0.15
C5LEG-1779221696-ETH,22:15:41,1779221741.7811146,coin5min,ETH,YES_LEG,0.522,1.32,1.06,LEG1_WIN,,-0.01,0.0,leg1 expiry | YES only | ref=2114.66 final=2115.74 | fee=0.00 slip=0.15
C5LEG-1779221696-BTC,22:15:41,1779221741.4556947,coin5min,BTC,YES_LEG,0.4883,5.0,5.09,LEG1_WIN,,-0.02,0.0,leg1 expiry | YES only | ref=76885.71 final=76949.17 | fee=0.00 slip=0.15
C5LEG-1779221674-SOL,22:15:20,1779221720.128433,coin5min,SOL,YES_LEG,0.508,5.0,4.69,LEG1_WIN,,-0.01,0.0,leg1 expiry | YES only | ref=84.43 final=84.44 | fee=0.00 slip=0.15
C5LEG-1779221650-ETH,22:14:56,1779221696.506163,coin5min,ETH,YES_LEG,0.4982,5.0,4.89,LEG1_WIN,,-0.01,0.0,leg1 expiry | YES only | ref=2114.40 final=2115.41 | fee=0.00 slip=0.15
C5LEG-1779221650-BTC,22:14:55,1779221695.9754229,coin5min,BTC,YES_LEG,0.5178,5.0,4.51,LEG1_WIN,,-0.01,0.0,leg1 expiry | YES only | ref=76888.23 final=76949.17 | fee=0.00 slip=0.15
C5LEG-1779221626-SOL,22:14:34,1779221674.165385,coin5min,SOL,YES_LEG,0.5052,3.25,3.03,LEG1_WIN,,-0.01,0.0,leg1 expiry | YES only | ref=84.43 final=84.45 | fee=0.00 slip=0.15
C5LEG-1779221604-ETH,22:14:10,1779221650.8243258,coin5min,ETH,YES_LEG,0.4982,5.0,4.89,LEG1_WIN,,-0.01,0.0,leg1 expiry | YES only | ref=2114.24 final=2116.09 | fee=0.00 slip=0.15
C5LEG-1779221603-BTC,22:14:10,1779221650.4807985,coin5min,BTC,YES_LEG,0.5178,5.0,4.51,LEG1_WIN,,-0.01,0.0,leg1 expiry | YES only | ref=76873.80 final=76946.67 | fee=0.00 slip=0.15
C5LEG-1779221579-SOL,22:13:46,1779221626.3170278,coin5min,SOL,YES_LEG,0.506,3.75,3.51,LEG1_WIN,,-0.01,0.0,leg1 expiry | YES only | ref=84.41 final=84.45 | fee=0.00 slip=0.15
C5LEG-1779221557-ETH,22:13:24,1779221604.2079332,coin5min,ETH,YES_LEG,0.4982,5.0,4.89,LEG1_WIN,,-0.01,0.0,leg1 expiry | YES only | ref=2115.35 final=2115.97 | fee=0.00 slip=0.15
C5LEG-1779221556-BTC,22:13:23,1779221603.797181,coin5min,BTC,YES_LEG,0.5178,5.0,4.51,LEG1_WIN,,-0.01,0.0,leg1 expiry | YES only | ref=76907.99 final=76936.08 | fee=0.00 slip=0.15
C5LEG-1779221531-SOL,22:12:59,1779221579.5126915,coin5min,SOL,YES_LEG,0.506,3.75,-3.9,LEG1_LOSS,,-0.01,0.0,leg1 expiry | YES only | ref=84.48 final=84.44 | fee=0.00 slip=0.15
C5LEG-1779221512-ETH,22:12:37,1779221557.1576715,coin5min,ETH,YES_LEG,0.4982,5.0,4.89,LEG1_WIN,,-0.01,0.0,leg1 expiry | YES only | ref=2115.02 final=2115.74 | fee=0.00 slip=0.15
C5LEG-1779221508-BTC,22:12:36,1779221556.5197842,coin5min,BTC,YES_LEG,0.5178,5.0,4.51,LEG1_WIN,,-0.01,0.0,leg1 expiry | YES only | ref=76892.70 final=76924.90 | fee=0.00 slip=0.15
C5LEG-1779221484-SOL,22:12:11,1779221531.717995,coin5min,SOL,YES_LEG,0.506,3.75,3.51,LEG1_WIN,,-0.01,0.0,leg1 expiry | YES only | ref=84.44 final=84.47 | fee=0.00 slip=0.15
C5LEG-1779221465-ETH,22:11:52,1779221512.0554934,coin5min,ETH,YES_LEG,0.4982,5.0,4.89,LEG1_WIN,,-0.01,0.0,leg1 expiry | YES only | ref=2114.39 final=2116.82 | fee=0.00 slip=0.15
C5LEG-1779221461-BTC,22:11:48,1779221508.650906,coin5min,BTC,YES_LEG,0.5178,5.0,4.51,LEG1_WIN,,-0.01,0.0,leg1 expiry | YES only | ref=76885.43 final=76945.14 | fee=0.00 slip=0.15
C5LEG-1779221437-SOL,22:11:24,1779221484.4004183,coin5min,SOL,YES_LEG,0.508,5.0,4.69,LEG1_WIN,,-0.01,0.0,leg1 expiry | YES only | ref=84.44 final=84.50 | fee=0.00 slip=0.15
C5LEG-1779221419-ETH,22:11:05,1779221465.1040227,coin5min,ETH,YES_LEG,0.4982,5.0,4.89,LEG1_WIN,,-0.01,0.0,leg1 expiry | YES only | ref=2114.60 final=2116.60 | fee=0.00 slip=0.15
C5LEG-1779221416-BTC,22:11:01,1779221461.3225224,coin5min,BTC,YES_LEG,0.5178,5.0,4.51,LEG1_WIN,,-0.01,0.0,leg1 expiry | YES only | ref=76866.79 final=76940.24 | fee=0.00 slip=0.15
C5LEG-1779221390-SOL,22:10:37,1779221437.2218544,coin5min,SOL,NO_LEG,0.5123,1.46,-1.61,LEG1_LOSS,,-0.02,0.0,leg1 expiry | NO only | ref=84.41 final=84.44 | fee=0.00 slip=0.15
C5LEG-1779221374-ETH,22:10:19,1779221419.797249,coin5min,ETH,YES_LEG,0.4975,4.6,4.49,LEG1_WIN,,-0.01,0.0,leg1 expiry | YES only | ref=2114.64 final=2116.38 | fee=0.00 slip=0.15
C5LEG-1779221368-BTC,22:10:16,1779221416.045728,coin5min,BTC,YES_LEG,0.4982,5.0,4.89,LEG1_WIN,,-0.01,0.0,leg1 expiry | YES only | ref=76874.64 final=76920.01 | fee=0.00 slip=0.15
C5LEG-1779221343-SOL,22:09:50,1779221390.304223,coin5min,SOL,NO_LEG,0.5138,2.45,2.17,LEG1_WIN,,-0.02,0.0,leg1 expiry | NO only | ref=84.44 final=84.41 | fee=0.00 slip=0.15
C5LEG-1779221326-ETH,22:09:34,1779221374.4272943,coin5min,ETH,YES_LEG,0.4982,5.0,4.89,LEG1_WIN,,-0.02,0.0,leg1 expiry | YES only | ref=2115.43 final=2116.38 | fee=0.00 slip=0.15
C5LEG-1779221322-BTC,22:09:27,1779221367.9870396,coin5min,BTC,YES_LEG,0.5178,5.0,4.51,LEG1_WIN,,-0.01,0.0,leg1 expiry | YES only | ref=76904.24 final=76912.02 | fee=0.00 slip=0.15
C5LEG-1779221297-SOL,22:09:03,1779221343.3091247,coin5min,SOL,NO_LEG,0.504,2.5,2.31,LEG1_WIN,,-0.02,0.0,leg1 expiry | NO only | ref=84.44 final=84.41 | fee=0.00 slip=0.15
C5LEG-1779221280-ETH,22:08:46,1779221326.7099164,coin5min,ETH,YES_LEG,0.5178,5.0,4.51,LEG1_WIN,,-0.01,0.0,leg1 expiry | YES only | ref=2115.51 final=2115.97 | fee=0.00 slip=0.15
C5LEG-1779221277-BTC,22:08:42,1779221322.927846,coin5min,BTC,YES_LEG,0.508,5.0,4.69,LEG1_WIN,,-0.01,0.0,leg1 expiry | YES only | ref=76889.17 final=76894.24 | fee=0.00 slip=0.15
C5LEG-1779221249-SOL,22:08:17,1779221297.563398,coin5min,SOL,NO_LEG,0.504,2.5,2.31,LEG1_WIN,,-0.02,0.0,leg1 expiry | NO only | ref=84.41 final=84.38 | fee=0.00 slip=0.15
C5LEG-1779221234-ETH,22:08:00,1779221280.4271615,coin5min,ETH,YES_LEG,0.5178,5.0,4.51,LEG1_WIN,,-0.01,0.0,leg1 expiry | YES only | ref=2114.95 final=2115.30 | fee=0.00 slip=0.15
C5LEG-1779221229-BTC,22:07:56,1779221276.9518592,coin5min,BTC,YES_LEG,0.508,5.0,4.69,LEG1_WIN,,-0.01,0.0,leg1 expiry | YES only | ref=76867.49 final=76889.08 | fee=0.00 slip=0.15
C5LEG-1779221202-SOL,22:07:29,1779221249.501402,coin5min,SOL,NO_LEG,0.492,1.23,1.11,LEG1_WIN,,-0.01,0.0,leg1 expiry | NO only | ref=84.38 final=84.38 | fee=0.00 slip=0.15
C5LEG-1779221187-ETH,22:07:14,1779221234.0243928,coin5min,ETH,YES_LEG,0.5178,5.0,-5.15,LEG1_LOSS,,-0.01,0.0,leg1 expiry | YES only | ref=2115.53 final=2115.11 | fee=0.00 slip=0.15
C5LEG-1779221183-BTC,22:07:09,1779221229.5522861,coin5min,BTC,YES_LEG,0.508,5.0,-5.15,LEG1_LOSS,,-0.01,0.0,leg1 expiry | YES only | ref=76889.17 final=76882.88 | fee=0.00 slip=0.15
C5LEG-1779221155-SOL,22:06:42,1779221202.08962,coin5min,SOL,NO_LEG,0.492,1.23,1.11,LEG1_WIN,,-0.01,0.0,leg1 expiry | NO only | ref=84.44 final=84.38 | fee=0.00 slip=0.15
C5LEG-1779221136-ETH,22:06:23,1779221183.8553154,coin5min,ETH,NO_LEG,0.4982,5.0,4.89,LEG1_WIN,,-0.01,0.0,leg1 expiry | NO only | ref=2115.77 final=2114.45 | fee=0.00 slip=0.15
C5LEG-1779221135-BTC,22:06:23,1779221183.4937642,coin5min,BTC,NO_LEG,0.508,5.0,4.69,LEG1_WIN,,-0.01,0.0,leg1 expiry | NO only | ref=76887.08 final=76875.11 | fee=0.00 slip=0.15
C5LEG-1779221107-SOL,22:05:55,1779221155.0940444,coin5min,SOL,NO_LEG,0.496,3.67,-3.82,LEG1_LOSS,,-0.01,0.0,leg1 expiry | NO only | ref=84.35 final=84.35 | fee=0.00 slip=0.15
C5LEG-1779221087-ETH,22:05:36,1779221136.3174489,coin5min,ETH,YES_LEG,0.5178,5.0,0.26,WIN,,-0.01,0.0,expiry | ref=2111.93 final=2113.86 outcome=YES | fee=0.00 slip=0.00
C5LEG-1779221083-BTC,22:05:28,1779221128.7644734,coin5min,BTC,NO_LEG,0.508,5.0,-5.15,LEG1_LOSS,,-0.01,0.0,leg1 expiry | NO only | ref=76808.39 final=76850.05 | fee=0.00 slip=0.15
